Brand Name,Product Name,Rating,Rating Number,Price,Return/Exchange,Expected Delivery,Availability,Product URLs,Other Details
-,SANCTrix Laptop Skin 15.6 inch-Anime All in one -Free Three Mobile Sticker,4.2 out of 5,38 ratings,‚Çπ279.00,https://www.amazon.in/SANCTrix-Laptop-inch-Anime-one-Dell-Lenovo-Acer-HP-Free-Sticker/dp/B07B4L8NCQ/ref=sr_1_1?dchild=1&keywords=Anime&qid=1629699334&sr=8-1#,"Saturday, Aug 28",In stock.,https://www.amazon.in/SANCTrix-Laptop-inch-Anime-one-Dell-Lenovo-Acer-HP-Free-Sticker/dp/B07B4L8NCQ/ref=sr_1_1?dchild=1&keywords=Anime&qid=1629699334&sr=8-1#,Free a pack of three mobile sticker 4x2.5 inch
-,Offo Anime / Cartoon Bobblehead for car Dashboard / Office desks / Home Decors / Table Top (Naruto - Blue),4.1 out of 5,5 ratings,‚Çπ430.00,https://www.amazon.in/Cartoon-Bobblehead-Dashboard-Office-Decors/dp/B08DFM9DY1/ref=sr_1_2?dchild=1&keywords=Anime&qid=1629699334&sr=8-2#,"Sunday, Aug 29",In stock.,https://www.amazon.in/Cartoon-Bobblehead-Dashboard-Office-Decors/dp/B08DFM9DY1/ref=sr_1_2?dchild=1&keywords=Anime&qid=1629699334&sr=8-2#,"Material: high-grade environmental plastic, vinyl secure material and detailed sculpting"
Anime shanks & luffy,Blue Aura Anime Character One Piece Monkey D Luffy (Baby) & Shanks Action Figure (NO Box) Collectible Height - 18 cm,4.6 out of 5,10 ratings,"‚Çπ1,545.00",https://www.amazon.in/Blue-Aura-Character-Monkey-Collectible/dp/B08T9TNWJM/ref=sr_1_3?dchild=1&keywords=Anime&qid=1629699334&sr=8-3#,Aug 26 - 27,In stock.,https://www.amazon.in/Blue-Aura-Character-Monkey-Collectible/dp/B08T9TNWJM/ref=sr_1_3?dchild=1&keywords=Anime&qid=1629699334&sr=8-3#,Assembly Required / Height - 18 CM /Material - Hard PVC Plastic.
HASTHIP,"HASTHIP Anime Naruto Action Figure (7 Cm, Multicolour)",4.3 out of 5,218 ratings,-,https://www.amazon.in/HASTHIP%C2%AE-Naruto-Action-Figures-Multicolour/dp/B082ST4Y1T/ref=sr_1_4?dchild=1&keywords=Anime&qid=1629699334&sr=8-4#,"Saturday, Aug 28",In stock.,https://www.amazon.in/HASTHIP%C2%AE-Naruto-Action-Figures-Multicolour/dp/B082ST4Y1T/ref=sr_1_4?dchild=1&keywords=Anime&qid=1629699334&sr=8-4#,"Naruto Character: The anime cake topper Naruto ninja figures set includes all of your favourite Pixar characters that can be used as cake topper, cake ornaments and it adds grace to the party."
Thepaper9store,"ThePaper9Store Pack of 12 Jujutsu Kaisen Poster Glossy | Set Anime HD+ Photos Unframed Self Adhesive (21 x 29.7 CMS) (Size - A4) Paper Wall Poster, Multicolour, Boderless, Large | Exclusive Posters",4.8 out of 5,8 ratings,‚Çπ319.00,https://www.amazon.in/ThePaper9Store-Jujutsu-Kaisen-Unframed-Adhesive/dp/B099FD6VQM/ref=sr_1_5?dchild=1&keywords=Anime&qid=1629699334&sr=8-5#,Aug 26 - 27,In stock.,https://www.amazon.in/ThePaper9Store-Jujutsu-Kaisen-Unframed-Adhesive/dp/B099FD6VQM/ref=sr_1_5?dchild=1&keywords=Anime&qid=1629699334&sr=8-5#,If You Are A Jujutsu Kaisen Fan YOU Are At The Right Place All Exclusives Posters Here
-,9tails Club - Men's Regular One Piece Zoro - Let's Get Lost Anime T Shirt,4.3 out of 5,43 ratings,‚Çπ549.00,-,-,-,-,"Care Instructions: Machine Wash as per Tag, Do not Bleach, Do not Iron on Print"
-,Anime Tshirts Goku Shenron Dragon ball Z A5 Diary,No Rating,-,-,https://www.amazon.in/Anime-Tshirts-Shenron-Dragon-Diary/dp/B09CDXD8YB/ref=sr_1_7?dchild=1&keywords=Anime&qid=1629699334&sr=8-7#,Aug 27 - 28,Usually dispatched in 2 to 3 days.,https://www.amazon.in/Anime-Tshirts-Shenron-Dragon-Diary/dp/B09CDXD8YB/ref=sr_1_7?dchild=1&keywords=Anime&qid=1629699334&sr=8-7#,-
-,Anime Tshirts Dabi My Hero Academia A5 Diary,No Rating,-,-,https://www.amazon.in/Anime-Tshirts-Dabi-Academia-Diary/dp/B09CDWYTSD/ref=sr_1_8?dchild=1&keywords=Anime&qid=1629699334&sr=8-8#,Aug 27 - 28,Usually dispatched in 2 to 3 days.,https://www.amazon.in/Anime-Tshirts-Dabi-Academia-Diary/dp/B09CDWYTSD/ref=sr_1_8?dchild=1&keywords=Anime&qid=1629699334&sr=8-8#,-
-,Anime Tshirts Captain Levi A5 Diary,No Rating,-,-,https://www.amazon.in/Anime-Tshirts-Captain-Levi-Diary/dp/B09CDXYHDH/ref=sr_1_9?dchild=1&keywords=Anime&qid=1629699334&sr=8-9#,Aug 27 - 28,Usually dispatched in 2 to 3 days.,https://www.amazon.in/Anime-Tshirts-Captain-Levi-Diary/dp/B09CDXYHDH/ref=sr_1_9?dchild=1&keywords=Anime&qid=1629699334&sr=8-9#,-
Ceramic,Visibee ‚ÄòNaruto ‚Äì Sasuke Anime Manga Art‚Äô FPM631 Printed on Ceramic Coffee Mug (Black),4.5 out of 5,4 ratings,‚Çπ399.00,https://www.amazon.in/Visibee-Naruto-Sasuke-Printed-Ceramic/dp/B08Y614573/ref=sr_1_10?dchild=1&keywords=Anime&qid=1629699334&sr=8-10#,"Monday, Aug 30",In stock.,https://www.amazon.in/Visibee-Naruto-Sasuke-Printed-Ceramic/dp/B08Y614573/ref=sr_1_10?dchild=1&keywords=Anime&qid=1629699334&sr=8-10#,Anime Series Designed - Multicolor Coffee Mug for coffee lover. Fans can show their love for the world of Anime Series with this Designed Multicolor mug.
Fabric,Crazy Corner Anime Itachi Uchiha Printed Eye Mask/Sleep Mask for Relaxing/Medidation/Sleep/Travel For Women/Men/Girls/Kids (7.4 * 4 Inches) | Comfortable & Soft Eye Cover/Eye Patch,4.3 out of 5,39 ratings,‚Çπ299.00,https://www.amazon.in/Crazy-Corner-Relaxing-Medidation-Comfortable/dp/B08N6M2SXK/ref=sr_1_11?dchild=1&keywords=Anime&qid=1629699334&sr=8-11#,"Monday, Aug 30",In stock.,https://www.amazon.in/Crazy-Corner-Relaxing-Medidation-Comfortable/dp/B08N6M2SXK/ref=sr_1_11?dchild=1&keywords=Anime&qid=1629699334&sr=8-11#,"Eye Pads for Sleeping - More often than not, the right sleeping environment is difficult to find especially when you‚Äôre travelling or staying away from home. This double padded eye mask is designed to give your eyes the relaxation and comfort that they need for a sound sleep. Now you can sleep with softness, comfort and style since this sleeping eye pad is designed with the most quirky artwork that not only looks great but also stays as good as new."
Thepaper9store,"Thepaper9store Pack of 8 Jujutsu Kaisen Poster Glossy | Set Anime HD+ Photos Unframed Self Adhesive (21 x 29.7 CMS) (Size - A4) Paper Wall Poster, Multicolour, Large | Exclusive Posters",4.7 out of 5,7 ratings,‚Çπ259.00,https://www.amazon.in/Thepaper9store-Jujutsu-Kaisen-Unframed-Adhesive/dp/B097NK1QK9/ref=sr_1_12?dchild=1&keywords=Anime&qid=1629699334&sr=8-12#,Aug 26 - 27,In stock.,https://www.amazon.in/Thepaper9store-Jujutsu-Kaisen-Unframed-Adhesive/dp/B097NK1QK9/ref=sr_1_12?dchild=1&keywords=Anime&qid=1629699334&sr=8-12#,If You Are A Jujutsu Kaisen Fan YOU Are At The Right Place All Exclusives Posters Here
PRINTNET,PRINTNET Pack of 12 Naruto Poster | Naruto Photocards Set | Anime Poster | HD Photos Unframed (5.8 x 8.2 Inches) (Size - A5),4.7 out of 5,35 ratings,‚Çπ179.00,https://www.amazon.in/PRINTNET-Naruto-Poster-Photocards-Unframed/dp/B08VR1JKNC/ref=sr_1_13?dchild=1&keywords=Anime&qid=1629699334&sr=8-13#,"Monday, Aug 30",In stock.,https://www.amazon.in/PRINTNET-Naruto-Poster-Photocards-Unframed/dp/B08VR1JKNC/ref=sr_1_13?dchild=1&keywords=Anime&qid=1629699334&sr=8-13#,Size : 14.85cm x 21.00cm | 5.8 x 8.2 Inches | Size - A5 | With Lamination | HD prints | Long Life
Thepaper9store,"ThePaper9Store Pack of 12 Naruto Poster Glossy | Set Anime HD+ Photos Unframed Self Adhesive (21 x 29.7 CMS) (Size - A4) Paper Wall Poster, Multicolour, Printed | Exclusive Posters",4.7 out of 5,4 ratings,‚Çπ319.00,https://www.amazon.in/ThePaper9Store-Naruto-Poster-Unframed-Adhesive/dp/B099BN7CK6/ref=sr_1_14?dchild=1&keywords=Anime&qid=1629699334&sr=8-14#,Aug 26 - 27,In stock.,https://www.amazon.in/ThePaper9Store-Naruto-Poster-Unframed-Adhesive/dp/B099BN7CK6/ref=sr_1_14?dchild=1&keywords=Anime&qid=1629699334&sr=8-14#,Size : 30cm x 30cm | 8.5 x 11.5 Inches | A4+ | With Lamination | HDR prints | Long Life
Thepaper9store,"ThePaper9Store Pack of 8 Jujutsu Kaisen Poster Glossy | Set Anime HD+ Photos Unframed Self Adhesive (21 x 29.7 CMS) (Size - A4) Paper Wall Poster, Multicolour, Printed | Exclusive Posters",5 out of 5,1 rating,‚Çπ269.00,https://www.amazon.in/ThePaper9Store-Jujutsu-Kaisen-Unframed-Adhesive/dp/B099T45HG2/ref=sr_1_15?dchild=1&keywords=Anime&qid=1629699334&sr=8-15#,Aug 26 - 27,In stock.,https://www.amazon.in/ThePaper9Store-Jujutsu-Kaisen-Unframed-Adhesive/dp/B099T45HG2/ref=sr_1_15?dchild=1&keywords=Anime&qid=1629699334&sr=8-15#,If You Are A Jujutsu Kaisen Fan YOU Are At The Right Place All Exclusives Posters Here
Thepaper9store,"ThePaper9Store Pack of 12 Demon Slayer Poster Glossy | Set Anime HD+ Photos Unframed Self Adhesive (21 x 29.7 CMS) (Size - A4) Paper Wall Poster, Multicolour, Boderless, Large | Exclusive Posters",No Rating,-,‚Çπ299.00,https://www.amazon.in/ThePaper9Store-Slayer-Poster-Unframed-Adhesive/dp/B099QKLV77/ref=sr_1_16?dchild=1&keywords=Anime&qid=1629699334&sr=8-16#,Aug 26 - 27,In stock.,https://www.amazon.in/ThePaper9Store-Slayer-Poster-Unframed-Adhesive/dp/B099QKLV77/ref=sr_1_16?dchild=1&keywords=Anime&qid=1629699334&sr=8-16#,If You Are A Demon Slayer Fan YOU Are At The Right Place All Exclusives Posters Here
Utensils,"SNEPCOM Baby Groot Pencil Holder, Office Organizer, Cute Action Figures Kids Pen Holder Desk Organizer Teachers Gifts Appreciation, Guardians The Galaxy Model Toy Flower Pots Indoor Flowerpot Planter",4.5 out of 5,39 ratings,‚Çπ498.00,https://www.amazon.in/SNEPCOM-Organizer-Appreciation-Guardians-Flowerpot/dp/B089T31NTG/ref=sr_1_17_sspa?dchild=1&keywords=Anime&qid=1629699334&sr=8-17-spons&psc=1&spLa=ZW5jcnlwdGVkUXVhbGlmaWVyPUExSFNPMDFSMDFJVFhXJmVuY3J5cHRlZElkPUEwMjM5NDIyM0dDMVpCNk4wRjNGSCZlbmNyeXB0ZWRBZElkPUEwMDMyMTYxSjJTVTNQNktNU1FTJndpZGdldE5hbWU9c3BfbXRmJmFjdGlvbj1jbGlja1JlZGlyZWN0JmRvTm90TG9nQ2xpY2s9dHJ1ZQ==#,"Thursday, Aug 26",In stock.,https://www.amazon.in/SNEPCOM-Organizer-Appreciation-Guardians-Flowerpot/dp/B089T31NTG/ref=sr_1_17_sspa?dchild=1&keywords=Anime&qid=1629699334&sr=8-17-spons&psc=1&spLa=ZW5jcnlwdGVkUXVhbGlmaWVyPUExSFNPMDFSMDFJVFhXJmVuY3J5cHRlZElkPUEwMjM5NDIyM0dDMVpCNk4wRjNGSCZlbmNyeXB0ZWRBZElkPUEwMDMyMTYxSjJTVTNQNktNU1FTJndpZGdldE5hbWU9c3BfbXRmJmFjdGlvbj1jbGlja1JlZGlyZWN0JmRvTm90TG9nQ2xpY2s9dHJ1ZQ==#,Package included: 1x SNEPCOM Baby Groot Pen Holder/Flowerpot Size: approx 6.3 inch.
-,"MCSID RAZZ - DC Comics New Pack of 6 Magnetic Bookmarks | Gift for Readers and Book Lovers| Officially Licensed by Warner Bros, USA) Best Gift for Friendship Day, Rakhi, Diwali & Christmas Day",4 out of 5,3 ratings,‚Çπ299.00,https://www.amazon.in/MCSID-RAZZ-Bookmarks-Officially-Friendship/dp/B08RX88BTP/ref=sr_1_18_sspa?dchild=1&keywords=Anime&qid=1629699334&sr=8-18-spons&psc=1&spLa=ZW5jcnlwdGVkUXVhbGlmaWVyPUExSFNPMDFSMDFJVFhXJmVuY3J5cHRlZElkPUEwMjM5NDIyM0dDMVpCNk4wRjNGSCZlbmNyeXB0ZWRBZElkPUEwMjMxMDIxQUJYR0ZUTEo2SUdIJndpZGdldE5hbWU9c3BfbXRmJmFjdGlvbj1jbGlja1JlZGlyZWN0JmRvTm90TG9nQ2xpY2s9dHJ1ZQ==#,"Monday, Aug 30",In stock.,https://www.amazon.in/MCSID-RAZZ-Bookmarks-Officially-Friendship/dp/B08RX88BTP/ref=sr_1_18_sspa?dchild=1&keywords=Anime&qid=1629699334&sr=8-18-spons&psc=1&spLa=ZW5jcnlwdGVkUXVhbGlmaWVyPUExSFNPMDFSMDFJVFhXJmVuY3J5cHRlZElkPUEwMjM5NDIyM0dDMVpCNk4wRjNGSCZlbmNyeXB0ZWRBZElkPUEwMjMxMDIxQUJYR0ZUTEo2SUdIJndpZGdldE5hbWU9c3BfbXRmJmFjdGlvbj1jbGlja1JlZGlyZWN0JmRvTm90TG9nQ2xpY2s9dHJ1ZQ==#,Magnetic Bookmarks unique gorgeous and special.Best choice for every learning enthusiast.
White,"AmazonBasics Legal/Wide Ruled Pad (12 pack, 50 sheets per pad) 222 GSM, 8.5 inches X 11.75 inches - White",4.1 out of 5,"39,939 ratings",‚Çπ859.00,https://www.amazon.in/AmazonBasics-Legal-Wide-Ruled-11-3/dp/B00QSR9URI/ref=sr_1_19_sspa?dchild=1&keywords=Anime&qid=1629699334&sr=8-19-spons&psc=1&spLa=ZW5jcnlwdGVkUXVhbGlmaWVyPUExSFNPMDFSMDFJVFhXJmVuY3J5cHRlZElkPUEwMjM5NDIyM0dDMVpCNk4wRjNGSCZlbmNyeXB0ZWRBZElkPUEwNzU3MTk1MUlMQzlET00yUDRJSiZ3aWRnZXROYW1lPXNwX210ZiZhY3Rpb249Y2xpY2tSZWRpcmVjdCZkb05vdExvZ0NsaWNrPXRydWU=#,"Wednesday, Aug 25",In stock.,https://www.amazon.in/AmazonBasics-Legal-Wide-Ruled-11-3/dp/B00QSR9URI/ref=sr_1_19_sspa?dchild=1&keywords=Anime&qid=1629699334&sr=8-19-spons&psc=1&spLa=ZW5jcnlwdGVkUXVhbGlmaWVyPUExSFNPMDFSMDFJVFhXJmVuY3J5cHRlZElkPUEwMjM5NDIyM0dDMVpCNk4wRjNGSCZlbmNyeXB0ZWRBZElkPUEwNzU3MTk1MUlMQzlET00yUDRJSiZ3aWRnZXROYW1lPXNwX210ZiZhY3Rpb249Y2xpY2tSZWRpcmVjdCZkb05vdExvZ0NsaWNrPXRydWU=#,12-pack of 50-page yellow legal pads
-,pranjal House Unique and Artificial Journal Writing Notebook Handmade Embossed Travel Diary with Classic Style and Format Bird Print,4.2 out of 5,70 ratings,‚Çπ449.00,https://www.amazon.in/pranjal-Artificial-Notebook-Handmade-Embossed/dp/B08P8DMWSY/ref=sr_1_20_sspa?dchild=1&keywords=Anime&qid=1629699334&sr=8-20-spons&psc=1&spLa=ZW5jcnlwdGVkUXVhbGlmaWVyPUExSFNPMDFSMDFJVFhXJmVuY3J5cHRlZElkPUEwMjM5NDIyM0dDMVpCNk4wRjNGSCZlbmNyeXB0ZWRBZElkPUEwMDQxODMxMTQ1WEc1SzU2QjJSSiZ3aWRnZXROYW1lPXNwX210ZiZhY3Rpb249Y2xpY2tSZWRpcmVjdCZkb05vdExvZ0NsaWNrPXRydWU=#,"Friday, Aug 27",In stock.,https://www.amazon.in/pranjal-Artificial-Notebook-Handmade-Embossed/dp/B08P8DMWSY/ref=sr_1_20_sspa?dchild=1&keywords=Anime&qid=1629699334&sr=8-20-spons&psc=1&spLa=ZW5jcnlwdGVkUXVhbGlmaWVyPUExSFNPMDFSMDFJVFhXJmVuY3J5cHRlZElkPUEwMjM5NDIyM0dDMVpCNk4wRjNGSCZlbmNyeXB0ZWRBZElkPUEwMDQxODMxMTQ1WEc1SzU2QjJSSiZ3aWRnZXROYW1lPXNwX210ZiZhY3Rpb249Y2xpY2tSZWRpcmVjdCZkb05vdExvZ0NsaWNrPXRydWU=#,Dimensions: Length - 7 Inches X Width - 5 Inches
Purple,"POP THE PARTY Curly Cosplay Costume Party Hair Anime Wigs Full Hair Wavy Wig (Purple, Long)",3.7 out of 5,5 ratings,‚Çπ399.00,https://www.amazon.in/PARTY-Cosplay-Costume-Party-Purple/dp/B07Z55JMXJ/ref=sr_1_21?dchild=1&keywords=Anime&qid=1629699334&sr=8-21#,"Sunday, Aug 29",In stock.,https://www.amazon.in/PARTY-Cosplay-Costume-Party-Purple/dp/B07Z55JMXJ/ref=sr_1_21?dchild=1&keywords=Anime&qid=1629699334&sr=8-21#,High quality wigs are suitable for both Halloween party or Cosplay Themed Party
Thepaper9store,"ThePaper9Store Pack of 8 Naruto Poster Glossy | Set Anime HD+ Photos Unframed Self Adhesive (21 x 29.7 CMS) (Size - A4) Paper Wall Poster, Multicolour, Printed | Exclusive Posters",4.6 out of 5,27 ratings,‚Çπ269.00,https://www.amazon.in/ThePaper9Store-Naruto-Poster-Unframed-Adhesive/dp/B09739ZQMM/ref=sr_1_22?dchild=1&keywords=Anime&qid=1629699334&sr=8-22#,Aug 26 - 27,In stock.,https://www.amazon.in/ThePaper9Store-Naruto-Poster-Unframed-Adhesive/dp/B09739ZQMM/ref=sr_1_22?dchild=1&keywords=Anime&qid=1629699334&sr=8-22#,Size : 30cm x 30cm | 8.5 x 11.5 Inches | A4+ | With Lamination | HDR prints | Long Life
Careflection,Careflection Pack of 20 Demon Slayer Tanjiro Anime Japanese Cartoon - Vinyl Laptop - Multipurpose Matte Finish Laminated Stickers Perfect for Laptop Computer Car Skateboard Water Bottle Travel Case Guitar Luggage Motorbikes,3 out of 5,1 rating,‚Çπ309.00,https://www.amazon.in/Careflection-Slayer-Tanjiro-Japanese-Cartoon/dp/B0999MZK1Q/ref=sr_1_23?dchild=1&keywords=Anime&qid=1629699334&sr=8-23#,Aug 26 - 30,In stock.,https://www.amazon.in/Careflection-Slayer-Tanjiro-Japanese-Cartoon/dp/B0999MZK1Q/ref=sr_1_23?dchild=1&keywords=Anime&qid=1629699334&sr=8-23#,Demon Slayer: Tanjiro - Nezuko - Zenitsu - Inosuke - Giyu - Hashira
Thepaper9store,"ThePaper9Store Pack of 8 Jujutsu Kaisen Poster Glossy | Set Anime HD+ Photos Unframed Self Adhesive (21 x 29.7 CMS) (Size - A4) Paper Wall Poster, Multicolour, Printed, Borderless | Exclusive Posters",5 out of 5,1 rating,‚Çπ259.00,https://www.amazon.in/ThePaper9Store-Jujutsu-Kaisen-Unframed-Adhesive/dp/B09816CJ1Q/ref=sr_1_24?dchild=1&keywords=Anime&qid=1629699334&sr=8-24#,Aug 26 - 27,In stock.,https://www.amazon.in/ThePaper9Store-Jujutsu-Kaisen-Unframed-Adhesive/dp/B09816CJ1Q/ref=sr_1_24?dchild=1&keywords=Anime&qid=1629699334&sr=8-24#,If You Are A Jujutsu Kaisen Fan YOU Are At The Right Place All Exclusives Posters Here
BOENJOY,Boenjoy Gifts - Uzumaki Naruto Action Figure - Power Ball Throw | Limited Edition Exclusive | Collectible | No Box | Needs to be Assembled | Anime Manga,No Rating,-,‚Çπ990.00,https://www.amazon.in/Boenjoy-Gifts-Exclusive-Collectible-Assembled/dp/B09BMFPWP6/ref=sr_1_25?dchild=1&keywords=Anime&qid=1629699334&sr=8-25#,"Sunday, Aug 29",In stock.,https://www.amazon.in/Boenjoy-Gifts-Exclusive-Collectible-Assembled/dp/B09BMFPWP6/ref=sr_1_25?dchild=1&keywords=Anime&qid=1629699334&sr=8-25#,"The Uzumaki Naruto, in Power Ball Throw action, themed Collectible Action Figure - Unbelievable likeness."
Washable,Rarissime Anime R4 Printed 2 ply Cloth Face Mask,No Rating,-,‚Çπ199.00,https://www.amazon.in/Rarissime-Anime-Printed-Cloth-Face/dp/B099XCX47J/ref=sr_1_26?dchild=1&keywords=Anime&qid=1629699334&sr=8-26#,"Sunday, Aug 29",In stock.,https://www.amazon.in/Rarissime-Anime-Printed-Cloth-Face/dp/B099XCX47J/ref=sr_1_26?dchild=1&keywords=Anime&qid=1629699334&sr=8-26#,Care Instructions: Washable
-,TrendoPrint Gojo Mug printed cup Anime mugs Series Mug White Tea Milk and Coffee Cup and Mug Made of Ceramic- 11 oz (350ml) Ideal And Sweet Gift And Return Gift Choice For Kids girls Friends Brother Sister Mom Dad Bro Sis Cousins Son Daughter,5 out of 5,3 ratings,‚Çπ199.00,https://www.amazon.in/TrendoPrint-printed-Ceramic-Friends-Daughter/dp/B09B5F8WRZ/ref=sr_1_27?dchild=1&keywords=Anime&qid=1629699334&sr=8-27#,"Monday, Aug 30",In stock.,https://www.amazon.in/TrendoPrint-printed-Ceramic-Friends-Daughter/dp/B09B5F8WRZ/ref=sr_1_27?dchild=1&keywords=Anime&qid=1629699334&sr=8-27#,Large Capacity Meets Your Mind- Perfect generous size for your morning coffee! Bigger than other coffee mugs. This coffee mug must be a functional partner for your new day!
-,Anime Tshirts One Piece A5 Diary,No Rating,-,-,https://www.amazon.in/Anime-Tshirts-One-Piece-Diary/dp/B09CDXBLYQ/ref=sr_1_28?dchild=1&keywords=Anime&qid=1629699334&sr=8-28#,Aug 27 - 28,Usually dispatched in 2 to 3 days.,https://www.amazon.in/Anime-Tshirts-One-Piece-Diary/dp/B09CDXBLYQ/ref=sr_1_28?dchild=1&keywords=Anime&qid=1629699334&sr=8-28#,-
White & silver,Access-o-risingg White and Silver Alloy Japanese Anime Inspired Sakura Card Captor Kinomoto Sealing Wand Key Pendant for Women,5 out of 5,1 rating,‚Çπ399.00,https://www.amazon.in/Accessorisingg-Japanese-Inspired-Kinomoto-Sealing/dp/B07HX9TG57/ref=sr_1_29?dchild=1&keywords=Anime&qid=1629699334&sr=8-29#,"Wednesday, Aug 25",In stock.,https://www.amazon.in/Accessorisingg-Japanese-Inspired-Kinomoto-Sealing/dp/B07HX9TG57/ref=sr_1_29?dchild=1&keywords=Anime&qid=1629699334&sr=8-29#,Material: Alloy
-,"Risty Shop High Definition Ryomen Sukuna 1 Superhero Jujutsu Kaisen Anime Poster Wall Decoration,Quality 301gsm,Non Toxic Ink,matt Finish Large size12x18inch,No Frame.Best",No Rating,-,‚Çπ249.00,https://www.amazon.in/Risty-Shop-Definition-Decoration-size12x18inch/dp/B09CNFWQYY/ref=sr_1_30?dchild=1&keywords=Anime&qid=1629699334&sr=8-30#,"Sunday, Aug 29",In stock.,https://www.amazon.in/Risty-Shop-Definition-Decoration-size12x18inch/dp/B09CNFWQYY/ref=sr_1_30?dchild=1&keywords=Anime&qid=1629699334&sr=8-30#,"‚òÖ Exclusively made for our loving customers Naruto Posters (Style-Ryomen Sukuna 1) Jujutsu Kaisen premium 300 gsm matt finish poster to become centre of attaraction for your bedroom,office,gift,hostel room, work, Kitchen,Restaurant or Living Room."
-,VIKCLIQUE Naruto Anime Uchiha Eyes Printed Half Sleeve Round Neck Black T-Shirt for Men's/Boy's,3.9 out of 5,54 ratings,‚Çπ474.00,-,-,-,-,Care Instructions: Machine Wash
Thepaper9store,"Thepaper9store Pack of 8 Naruto Poster Glossy Set Anime HD+ Photos Unframed Self Adhesive Paper Printed, Borderless Exclusive Wall Poster (21 x 29.7 cm, Size - A4, Multicolour)",5 out of 5,3 ratings,‚Çπ269.00,https://www.amazon.in/Thepaper9store-Unframed-Adhesive-Borderless-Exclusive/dp/B0981398BF/ref=sr_1_32?dchild=1&keywords=Anime&qid=1629699334&sr=8-32#,Aug 26 - 27,In stock.,https://www.amazon.in/Thepaper9store-Unframed-Adhesive-Borderless-Exclusive/dp/B0981398BF/ref=sr_1_32?dchild=1&keywords=Anime&qid=1629699334&sr=8-32#,Size : 30cm x 30cm | 12 x 12 Inches | A4+ | With Lamination | HDR prints | Long Life
-,"Banpresto My Hero Academia - The Amazing Heroes Vol.13, Anime Figurine (18 cm)",No Rating,-,"‚Çπ1,999.00",https://www.amazon.in/Banpresto-My-Hero-Academia-Figurine/dp/B08VF7V4P2/ref=sr_1_33?dchild=1&keywords=Anime&qid=1629699334&sr=8-33#,"Wednesday, Aug 25",In stock.,https://www.amazon.in/Banpresto-My-Hero-Academia-Figurine/dp/B08VF7V4P2/ref=sr_1_33?dchild=1&keywords=Anime&qid=1629699334&sr=8-33#,Officially licensed by Banpresto
-,"THREE DICE Anime SOFTCOVER Notebook Demon Slayer (Shinobu KOCHO 1) : A4 (29.7 X 21 cm), 200 Pages, Ruled",No Rating,-,‚Çπ175.00,https://www.amazon.in/THREE-DICE-SOFTCOVER-Notebook-Shinobu/dp/B096W49ZPM/ref=sr_1_34?dchild=1&keywords=Anime&qid=1629699334&sr=8-34#,Aug 28 - Sep 1,In stock.,https://www.amazon.in/THREE-DICE-SOFTCOVER-Notebook-Shinobu/dp/B096W49ZPM/ref=sr_1_34?dchild=1&keywords=Anime&qid=1629699334&sr=8-34#,"200 Pages, Ruled (single lined)."
Thepaper9store,"ThePaper9Store Pack of 10 Demon Slayer Poster Glossy | Set Anime HD+ Photos Unframed Self Adhesive (21 x 29.7 CMS) (Size - A4) Paper Wall Poster, Multicolour, Boderless, Large | Exclusive Posters",5 out of 5,1 rating,‚Çπ299.00,https://www.amazon.in/ThePaper9Store-Slayer-Poster-Unframed-Adhesive/dp/B099PSXSP9/ref=sr_1_35?dchild=1&keywords=Anime&qid=1629699334&sr=8-35#,Aug 26 - 27,In stock.,https://www.amazon.in/ThePaper9Store-Slayer-Poster-Unframed-Adhesive/dp/B099PSXSP9/ref=sr_1_35?dchild=1&keywords=Anime&qid=1629699334&sr=8-35#,If You Are A Demon Slayer Fan YOU Are At The Right Place All Exclusives Posters Here
Graphic,ISEE 360¬Æ Laptop Skin All Anime Charachters 15.6 Inches Vinyl Stickers Waterproof Cover with Lamination Girls Boys HD Quality,3.7 out of 5,21 ratings,‚Çπ199.00,https://www.amazon.in/ISEE-Charachters-Stickers-Waterproof-Lamination/dp/B08P53Q4XW/ref=sr_1_36?dchild=1&keywords=Anime&qid=1629699334&sr=8-36#,Aug 31 - Sep 2,In stock.,https://www.amazon.in/ISEE-Charachters-Stickers-Waterproof-Lamination/dp/B08P53Q4XW/ref=sr_1_36?dchild=1&keywords=Anime&qid=1629699334&sr=8-36#,"ISEE 360 Laptop Skin Sticker Decal Free Sponge & Squeezer : 100% brand New, Fits up to 15.6 Inches Laptops;Please Make Sure You Should Shape The Skin Corner Before Use: Material: PVC_ Vinyl Removable Layer & Paper layer"
Gol. D. Roger (Ver.A),"Banpresto One Piece Manhood - GOL. D. Roger (Ver.A), Anime Figurine (20 cm)",No Rating,-,"‚Çπ1,999.00",https://www.amazon.in/Banpresto-One-Piece-Manhood-Ver/dp/B08VF83SGS/ref=sr_1_37?dchild=1&keywords=Anime&qid=1629699334&sr=8-37#,"Wednesday, Aug 25",In stock.,https://www.amazon.in/Banpresto-One-Piece-Manhood-Ver/dp/B08VF83SGS/ref=sr_1_37?dchild=1&keywords=Anime&qid=1629699334&sr=8-37#,Officially licensed by Banpresto
THREE DICE,THREE DICE WALL POSTER ANIME MY HERO ACADEMIA ALL MIGHT MANGA - A3 (12 X 18 INCHES) FOR ROOM DECOR,No Rating,-,‚Çπ99.00,https://www.amazon.in/THREE-DICE-POSTER-ANIME-ACADEMIA/dp/B09BZS4XJV/ref=sr_1_38?dchild=1&keywords=Anime&qid=1629699334&sr=8-38#,Aug 28 - Sep 1,In stock.,https://www.amazon.in/THREE-DICE-POSTER-ANIME-ACADEMIA/dp/B09BZS4XJV/ref=sr_1_38?dchild=1&keywords=Anime&qid=1629699334&sr=8-38#,Poster Size: 45 cm x 30 cm / 12 inches X 18 inches. We suggest using double side tape to paste your posters on the wall right away.
Other,MC SID RAZZ - Levi Me Alone Anime Design Coffee Mug - Anime Merchandise India,4.4 out of 5,21 ratings,‚Çπ399.00,https://www.amazon.in/MC-SID-RAZZ-Anime-Levi-Merchandise/dp/B08JTLP4D4/ref=sr_1_39?dchild=1&keywords=Anime&qid=1629699334&sr=8-39#,"Monday, Aug 30",In stock.,https://www.amazon.in/MC-SID-RAZZ-Anime-Levi-Merchandise/dp/B08JTLP4D4/ref=sr_1_39?dchild=1&keywords=Anime&qid=1629699334&sr=8-39#,Anime Series Designed - Multicolor Coffee Mug for coffee lover
-,"THREE DICE Anime SOFTCOVER Notebook Demon Slayer (NEZUKO) : A4 (29.7 X 21 cm), 150 Pages, Ruled",4 out of 5,1 rating,‚Çπ155.00,https://www.amazon.in/THREE-DICE-SOFTCOVER-Notebook-Slayer/dp/B096W6XS4S/ref=sr_1_40?dchild=1&keywords=Anime&qid=1629699334&sr=8-40#,Aug 28 - Sep 1,In stock.,https://www.amazon.in/THREE-DICE-SOFTCOVER-Notebook-Slayer/dp/B096W6XS4S/ref=sr_1_40?dchild=1&keywords=Anime&qid=1629699334&sr=8-40#,"150 Pages, Ruled (single lined)."
Washable,Rarissime Anime R2 Printed 2 ply Cloth Face Mask,No Rating,-,‚Çπ199.00,https://www.amazon.in/Rarissime-Anime-Printed-Cloth-Face/dp/B099XF6YLJ/ref=sr_1_41?dchild=1&keywords=Anime&qid=1629699334&sr=8-41#,"Sunday, Aug 29",In stock.,https://www.amazon.in/Rarissime-Anime-Printed-Cloth-Face/dp/B099XF6YLJ/ref=sr_1_41?dchild=1&keywords=Anime&qid=1629699334&sr=8-41#,Care Instructions: Washable
Zoro,Blue Aura One Piece Zoro Anime PVC Action Figure Multi Color Height - 17 cm (Zoro) Without Box,No Rating,-,"‚Çπ1,145.00",https://www.amazon.in/Blue-Aura-Action-Figure-Height/dp/B098WPRLCC/ref=sr_1_42?dchild=1&keywords=Anime&qid=1629699334&sr=8-42#,Aug 26 - 27,In stock.,https://www.amazon.in/Blue-Aura-Action-Figure-Height/dp/B098WPRLCC/ref=sr_1_42?dchild=1&keywords=Anime&qid=1629699334&sr=8-42#,Height - 17 CM / Comes without Box.
Ceramic,TrendoPrint Naruto Anime Series Itachi Kakashi Sasuke Shikamaru Gaara Hinata Jiraiya Mintao Madara Pain Obito Sakura Rock Lee Tsunade Ideal And Sweet Gift And Return Gift Choice For Boys Girls And Friends And Boyfriend Girlfriend And Kids Son Daughter And Men Women And Anime Lovers Series Lovers Printed White Tea Milk And Coffee Mug And Cup Made Of Ceramic- 11 Oz (350ml),4.7 out of 5,10 ratings,‚Çπ199.00,https://www.amazon.in/TrendoPrint-Itachi-Kakashi-Shikamaru-Boyfriend-Girlfriend/dp/B08ZHFCB8T/ref=sr_1_43?dchild=1&keywords=Anime&qid=1629699334&sr=8-43#,"Monday, Aug 30",In stock.,https://www.amazon.in/TrendoPrint-Itachi-Kakashi-Shikamaru-Boyfriend-Girlfriend/dp/B08ZHFCB8T/ref=sr_1_43?dchild=1&keywords=Anime&qid=1629699334&sr=8-43#,Large Capacity Meets Your Mind- Perfect generous size for your morning coffee! Bigger than other coffee mugs. This coffee mug must be a functional partner for your new day!
-,Crazy Corner Anime Only Akatsuki Members Quote Printed Wall Hanging Board(Rectangle)|Designer Door Hanging|Wall Hanging for Living Room/Kids Room/Bedroom-Wall D√©cor Item/Gift Item for Home Decoration,5 out of 5,1 rating,‚Çπ399.00,https://www.amazon.in/Crazy-Corner-Rectangle-Bedroom-Wall-Decoration/dp/B08XM5X3WX/ref=sr_1_44?dchild=1&keywords=Anime&qid=1629699334&sr=8-44#,"Monday, Aug 30",In stock.,https://www.amazon.in/Crazy-Corner-Rectangle-Bedroom-Wall-Decoration/dp/B08XM5X3WX/ref=sr_1_44?dchild=1&keywords=Anime&qid=1629699334&sr=8-44#,Product size: 29.5x19.5x0.5(CM)
Pink,Women Wigs Men Short Spiky Layered Anime Cosplay Wig Halloween Christmas Carnival Dress Up Pretend Play Party Wig Gift (Pink),5 out of 5,1 rating,‚Çπ872.99,https://www.amazon.in/Layered-Cosplay-Halloween-Christmas-Carnival/dp/B07S6LXDJZ/ref=sr_1_45?dchild=1&keywords=Anime&qid=1629699334&sr=8-45#,Sep 16 - 20,In stock.,https://www.amazon.in/Layered-Cosplay-Halloween-Christmas-Carnival/dp/B07S6LXDJZ/ref=sr_1_45?dchild=1&keywords=Anime&qid=1629699334&sr=8-45#,"Thick fiber, soft and natural, wig needs to re-style by yourself when receive."
-,"THREE DICE Anime SOFTCOVER Notebook Demon Slayer (NEZUKO) : A4 (29.7 X 21 cm), 250 Pages, Ruled",No Rating,-,‚Çπ149.00,https://www.amazon.in/THREE-DICE-SOFTCOVER-Notebook-Slayer/dp/B096W4HQQK/ref=sr_1_46?dchild=1&keywords=Anime&qid=1629699334&sr=8-46#,Aug 28 - Sep 1,In stock.,https://www.amazon.in/THREE-DICE-SOFTCOVER-Notebook-Slayer/dp/B096W4HQQK/ref=sr_1_46?dchild=1&keywords=Anime&qid=1629699334&sr=8-46#,"250 Pages, Ruled (single lined)."
Artich,Artich Designer Gaming Mouse Pad for Office Laptop/Computer with Super Soft Non-Slip Rubber Base and Lycra Cloth Surface for Silky Touch Rectangle (Anime Theme),4.7 out of 5,14 ratings,‚Çπ199.00,https://www.amazon.in/Artich-Designer-Computer-Non-Slip-Rectangle/dp/B097RQ41CQ/ref=sr_1_47?dchild=1&keywords=Anime&qid=1629699334&sr=8-47#,Aug 26 - 27,In stock.,https://www.amazon.in/Artich-Designer-Computer-Non-Slip-Rectangle/dp/B097RQ41CQ/ref=sr_1_47?dchild=1&keywords=Anime&qid=1629699334&sr=8-47#,"üåüERGONOMIC DESIGN : Artich mouse pad is carefully printed with brilliant color, no fade, no wrinkle. Designed with an attractive grained surface to add a vintage touch to your workspace. Suitable for both professional and personal use if you use a computer for long periods of time."
-,Quote Marshals Men's Regular Fit T-Shirt,4.2 out of 5,20 ratings,-,-,-,-,-,Fit Type: Regular Fit
THREE DICE,THREE DICE WALL POSTER ANIME NARUTO X SASUKE - A3 (12 X 18 INCHES) FOR ROOM DECOR,No Rating,-,‚Çπ99.00,https://www.amazon.in/THREE-DICE-POSTER-NARUTO-SASUKE/dp/B09BZSQ86M/ref=sr_1_49?dchild=1&keywords=Anime&qid=1629699334&sr=8-49#,Aug 28 - Sep 1,In stock.,https://www.amazon.in/THREE-DICE-POSTER-NARUTO-SASUKE/dp/B09BZSQ86M/ref=sr_1_49?dchild=1&keywords=Anime&qid=1629699334&sr=8-49#,Poster Size: 45 cm x 30 cm / 12 inches X 18 inches. We suggest using double side tape to paste your posters on the wall right away.
-,Watercolor Dual Brush Marker Soft Flexible Tips for Drawing Blending as Aquarelle Calligraphy Pen Anime Comic Markers (48 Colors),4.3 out of 5,2 ratings,-,https://www.amazon.in/Watercolor-Flexible-Blending-Aquarelle-Calligraphy/dp/B077BSFGJS/ref=sr_1_50?dchild=1&keywords=Anime&qid=1629699334&sr=8-50#,-,,https://www.amazon.in/Watercolor-Flexible-Blending-Aquarelle-Calligraphy/dp/B077BSFGJS/ref=sr_1_50?dchild=1&keywords=Anime&qid=1629699334&sr=8-50#,-
Skpitin,"Demon-Slayer Figure, Version Kimetsu No Yaiba Anime Figure Set,Tanjiro Zenitsu Nezuko Inosuke Action Figure Statues,Home Decoration Best Gift Collection Toy",No Rating,-,‚Çπ990.00,https://www.amazon.in/Demon-Slayer-Version-Kimetsu-Decoration-Collection/dp/B093KTK4M7/ref=sr_1_51?dchild=1&keywords=Anime&qid=1629699334&sr=8-51#,Aug 25 - 26,Only 1 left in stock.,https://www.amazon.in/Demon-Slayer-Version-Kimetsu-Decoration-Collection/dp/B093KTK4M7/ref=sr_1_51?dchild=1&keywords=Anime&qid=1629699334&sr=8-51#,"‚òõ„ÄêHigh-quality Materials„ÄëAll our products are made of PVC materials, ensuring that they are not only fun, but also safe for our customers."
Thepaper9store,"Thepaper9store Paper Printed Naruto Poster Glossy Set Anime HD+ Photos Self Adhesive Exclusive Wall Poster for Room Decor (11.5 x 8.5 Inches, Size - A4, Multicolor) - Pack of 8",4.9 out of 5,10 ratings,‚Çπ269.00,https://www.amazon.in/Thepaper9store-Printed-Naruto-Adhesive-Exclusive/dp/B0976BH1QP/ref=sr_1_52?dchild=1&keywords=Anime&qid=1629699334&sr=8-52#,Aug 26 - 27,In stock.,https://www.amazon.in/Thepaper9store-Printed-Naruto-Adhesive-Exclusive/dp/B0976BH1QP/ref=sr_1_52?dchild=1&keywords=Anime&qid=1629699334&sr=8-52#,If You Are A Naruto Uzumaki Fan YOU Are At The Right Place All Exclusives Posters Here
Generic,Dealbooth Telescopes for Adults Kids 90x Power Zoom Portable Telescope for Beginners for View Moon Planets,No Rating,-,"‚Çπ8,999.00",https://www.amazon.in/Dealbooth-Telescopes-Portable-Telescope-Beginners/dp/B09CNKQL3V/ref=sr_1_53_sspa?dchild=1&keywords=Anime&qid=1629699334&sr=8-53-spons&psc=1&spLa=ZW5jcnlwdGVkUXVhbGlmaWVyPUExSFNPMDFSMDFJVFhXJmVuY3J5cHRlZElkPUEwMjM5NDIyM0dDMVpCNk4wRjNGSCZlbmNyeXB0ZWRBZElkPUEwMTQ3NDkxMkNEOTVLMDVHQk1WNSZ3aWRnZXROYW1lPXNwX2J0ZiZhY3Rpb249Y2xpY2tSZWRpcmVjdCZkb05vdExvZ0NsaWNrPXRydWU=#,Aug 26 - 27,In stock.,https://www.amazon.in/Dealbooth-Telescopes-Portable-Telescope-Beginners/dp/B09CNKQL3V/ref=sr_1_53_sspa?dchild=1&keywords=Anime&qid=1629699334&sr=8-53-spons&psc=1&spLa=ZW5jcnlwdGVkUXVhbGlmaWVyPUExSFNPMDFSMDFJVFhXJmVuY3J5cHRlZElkPUEwMjM5NDIyM0dDMVpCNk4wRjNGSCZlbmNyeXB0ZWRBZElkPUEwMTQ3NDkxMkNEOTVLMDVHQk1WNSZ3aWRnZXROYW1lPXNwX2J0ZiZhY3Rpb249Y2xpY2tSZWRpcmVjdCZkb05vdExvZ0NsaWNrPXRydWU=#,1. HIGH QUALITY :- 360 x 50 refractor scope is a compact and universal telescope with bright image quality and high magnification power
Washi Paper,HASTHIP¬Æ Shine Gold Foil Washi Tape Sets 10 Rolls Washi Tapes with 10 Sheets Stickers Decorative Tape for Crafts Bullet Journal Gift Wrapping Scrapbooking (Purple),4.4 out of 5,71 ratings,-,https://www.amazon.in/HASTHIP%C2%AE-Stickers-Decorative-Wrapping-Scrapbooking/dp/B091TW4HYS/ref=sr_1_54_sspa?dchild=1&keywords=Anime&qid=1629699334&sr=8-54-spons&psc=1&spLa=ZW5jcnlwdGVkUXVhbGlmaWVyPUExSFNPMDFSMDFJVFhXJmVuY3J5cHRlZElkPUEwMjM5NDIyM0dDMVpCNk4wRjNGSCZlbmNyeXB0ZWRBZElkPUEwMDIxNzgwMzJXUFlTMzhEMDJJSiZ3aWRnZXROYW1lPXNwX2J0ZiZhY3Rpb249Y2xpY2tSZWRpcmVjdCZkb05vdExvZ0NsaWNrPXRydWU=#,"Wednesday, Aug 25",In stock.,https://www.amazon.in/HASTHIP%C2%AE-Stickers-Decorative-Wrapping-Scrapbooking/dp/B091TW4HYS/ref=sr_1_54_sspa?dchild=1&keywords=Anime&qid=1629699334&sr=8-54-spons&psc=1&spLa=ZW5jcnlwdGVkUXVhbGlmaWVyPUExSFNPMDFSMDFJVFhXJmVuY3J5cHRlZElkPUEwMjM5NDIyM0dDMVpCNk4wRjNGSCZlbmNyeXB0ZWRBZElkPUEwMDIxNzgwMzJXUFlTMzhEMDJJSiZ3aWRnZXROYW1lPXNwX2J0ZiZhY3Rpb249Y2xpY2tSZWRpcmVjdCZkb05vdExvZ0NsaWNrPXRydWU=#,"Fantastic design : This ""red-crowned crane"" series of washi tapes,which inspired by folk story in ancient time,not only have beautiful image but also symbolizes auspiciousness, loyalty and longevity."
1M,"VIDHYA Washable Adhesive Tape Nano-tape Reusable Clear Double Sided Adhesive Silicone Anti-Slip Tape, Trackless Removable Sticky Strips Grip for Fixing Carpet Phones Pictures Pen Key|1M/3.28Ft",No Rating,-,‚Çπ299.00,https://www.amazon.in/VIDHYA-Nano-tape-Anti-Slip-Trackless-Removable/dp/B09C4PC42K/ref=sr_1_55_sspa?dchild=1&keywords=Anime&qid=1629699334&sr=8-55-spons&psc=1&spLa=ZW5jcnlwdGVkUXVhbGlmaWVyPUExSFNPMDFSMDFJVFhXJmVuY3J5cHRlZElkPUEwMjM5NDIyM0dDMVpCNk4wRjNGSCZlbmNyeXB0ZWRBZElkPUEwNTI5Nzc0MUFZRTlLUlNZSEtYRSZ3aWRnZXROYW1lPXNwX2J0ZiZhY3Rpb249Y2xpY2tSZWRpcmVjdCZkb05vdExvZ0NsaWNrPXRydWU=#,"Thursday, Aug 26",In stock.,https://www.amazon.in/VIDHYA-Nano-tape-Anti-Slip-Trackless-Removable/dp/B09C4PC42K/ref=sr_1_55_sspa?dchild=1&keywords=Anime&qid=1629699334&sr=8-55-spons&psc=1&spLa=ZW5jcnlwdGVkUXVhbGlmaWVyPUExSFNPMDFSMDFJVFhXJmVuY3J5cHRlZElkPUEwMjM5NDIyM0dDMVpCNk4wRjNGSCZlbmNyeXB0ZWRBZElkPUEwNTI5Nzc0MUFZRTlLUlNZSEtYRSZ3aWRnZXROYW1lPXNwX2J0ZiZhY3Rpb249Y2xpY2tSZWRpcmVjdCZkb05vdExvZ0NsaWNrPXRydWU=#,"‚òÖ„Äê2020 UPGRADED MULTIFUNCTIONAL TAPE„Äë- Made from the latest Acrylic-Gel material, our transparent adhesive tapes are very strong,durable,removable,traceless,and no residue. This super adhesive tape works perfectly in temperature range from -16C(0F) or 62C(150F)."
Whixant,Whixant F30070M 300/70mm 150X Professional Space Telescopes Astronomical Monocular Outdoor Astronomical Telescope Refractive Spotting Scope with Portable Tripod,4 out of 5,1 rating,"‚Çπ4,495.00",https://www.amazon.in/Whixant-Professional-Telescopes-Astronomical-Refractive/dp/B09B2KW7YJ/ref=sr_1_56_sspa?dchild=1&keywords=Anime&qid=1629699334&sr=8-56-spons&psc=1&spLa=ZW5jcnlwdGVkUXVhbGlmaWVyPUExSFNPMDFSMDFJVFhXJmVuY3J5cHRlZElkPUEwMjM5NDIyM0dDMVpCNk4wRjNGSCZlbmNyeXB0ZWRBZElkPUEwODI4ODc3MVpGNVQ5QU42SUxISSZ3aWRnZXROYW1lPXNwX2J0ZiZhY3Rpb249Y2xpY2tSZWRpcmVjdCZkb05vdExvZ0NsaWNrPXRydWU=#,"Thursday, Aug 26",In stock.,https://www.amazon.in/Whixant-Professional-Telescopes-Astronomical-Refractive/dp/B09B2KW7YJ/ref=sr_1_56_sspa?dchild=1&keywords=Anime&qid=1629699334&sr=8-56-spons&psc=1&spLa=ZW5jcnlwdGVkUXVhbGlmaWVyPUExSFNPMDFSMDFJVFhXJmVuY3J5cHRlZElkPUEwMjM5NDIyM0dDMVpCNk4wRjNGSCZlbmNyeXB0ZWRBZElkPUEwODI4ODc3MVpGNVQ5QU42SUxISSZ3aWRnZXROYW1lPXNwX2J0ZiZhY3Rpb249Y2xpY2tSZWRpcmVjdCZkb05vdExvZ0NsaWNrPXRydWU=#,"„Äê70MM OBJECTIVE LENS,FULLY MULTI-COATED OPTICS„ÄëOccer telescope with 70mm Aperture 300mm and using fully multi-coated prism provides high definition and bright image. Moreover,This portable kit comes with 20mm telescope eyepiece,6mm eyepiece and 3x barlow len. If used with the 3x barlow len, the magnification can be increased by 3 x. All in all, you can use 6mm or 20mm eyepiece according to your need for wildlife,bird watching,viewing moon,stars and so on."
SMALL,Nano Double Sided Tape Heavy Duty - Multipurpose Adhesive Tape 3 meter (Pack Of 1),5 out of 5,6 ratings,‚Çπ279.00,https://www.amazon.in/Nano-Double-Sided-Tape-Heavy/dp/B09BJRHMQ7/ref=sr_1_57_sspa?dchild=1&keywords=Anime&qid=1629699334&sr=8-57-spons&psc=1&spLa=ZW5jcnlwdGVkUXVhbGlmaWVyPUExSFNPMDFSMDFJVFhXJmVuY3J5cHRlZElkPUEwMjM5NDIyM0dDMVpCNk4wRjNGSCZlbmNyeXB0ZWRBZElkPUEwODE4Mzk1MUFOTDg0VjFMRVc2TCZ3aWRnZXROYW1lPXNwX2J0ZiZhY3Rpb249Y2xpY2tSZWRpcmVjdCZkb05vdExvZ0NsaWNrPXRydWU=#,"Thursday, Aug 26",In stock.,https://www.amazon.in/Nano-Double-Sided-Tape-Heavy/dp/B09BJRHMQ7/ref=sr_1_57_sspa?dchild=1&keywords=Anime&qid=1629699334&sr=8-57-spons&psc=1&spLa=ZW5jcnlwdGVkUXVhbGlmaWVyPUExSFNPMDFSMDFJVFhXJmVuY3J5cHRlZElkPUEwMjM5NDIyM0dDMVpCNk4wRjNGSCZlbmNyeXB0ZWRBZElkPUEwODE4Mzk1MUFOTDg0VjFMRVc2TCZ3aWRnZXROYW1lPXNwX2J0ZiZhY3Rpb249Y2xpY2tSZWRpcmVjdCZkb05vdExvZ0NsaWNrPXRydWU=#,"„ÄêEASY TO USE & REMOVABLE„ÄëThe length of this double-sided tape is 10FT, 1.18inches wide and 0.08 inches thick,you can easily cut the nano tape to any size you need. Very easy to remove and leave no residue. Note: To avoid the possible damage, we don't recommed using this tape on easily damaged surfaces."
Silver,Hologram Stickers - Original Genuine Silver Rounded Corner (500),5 out of 5,1 rating,‚Çπ349.00,https://www.amazon.in/Hologram-Stickers-Original-Genuine-Rounded/dp/B09234R7JX/ref=sr_1_58_sspa?dchild=1&keywords=Anime&qid=1629699334&sr=8-58-spons&psc=1&spLa=ZW5jcnlwdGVkUXVhbGlmaWVyPUExSFNPMDFSMDFJVFhXJmVuY3J5cHRlZElkPUEwMjM5NDIyM0dDMVpCNk4wRjNGSCZlbmNyeXB0ZWRBZElkPUEwODAzNTkzMUNUWDkxQkJFTjNOQSZ3aWRnZXROYW1lPXNwX2J0ZiZhY3Rpb249Y2xpY2tSZWRpcmVjdCZkb05vdExvZ0NsaWNrPXRydWU=#,Aug 29 - 30,In stock.,https://www.amazon.in/Hologram-Stickers-Original-Genuine-Rounded/dp/B09234R7JX/ref=sr_1_58_sspa?dchild=1&keywords=Anime&qid=1629699334&sr=8-58-spons&psc=1&spLa=ZW5jcnlwdGVkUXVhbGlmaWVyPUExSFNPMDFSMDFJVFhXJmVuY3J5cHRlZElkPUEwMjM5NDIyM0dDMVpCNk4wRjNGSCZlbmNyeXB0ZWRBZElkPUEwODAzNTkzMUNUWDkxQkJFTjNOQSZ3aWRnZXROYW1lPXNwX2J0ZiZhY3Rpb249Y2xpY2tSZWRpcmVjdCZkb05vdExvZ0NsaWNrPXRydWU=#,Security Hologram Sticker
Pattern: Tree,"RSN Handicraft Leather Handmade Paper Vintage Hand Embossed Tree of Life - Travel Regular Journal diary Personal Organizer Notebook for Men, Women 7x5 Inches",4.4 out of 5,427 ratings,‚Çπ498.00,https://www.amazon.in/RSN-Leather-Journal-Tree-Life/dp/B07TWX5BF7/ref=sr_1_59_sspa?dchild=1&keywords=Anime&qid=1629699334&sr=8-59-spons&psc=1&spLa=ZW5jcnlwdGVkUXVhbGlmaWVyPUExSFNPMDFSMDFJVFhXJmVuY3J5cHRlZElkPUEwMjM5NDIyM0dDMVpCNk4wRjNGSCZlbmNyeXB0ZWRBZElkPUEwNDUzMzY2MzNXVVVSVVVCQVE0SiZ3aWRnZXROYW1lPXNwX2J0ZiZhY3Rpb249Y2xpY2tSZWRpcmVjdCZkb05vdExvZ0NsaWNrPXRydWU=#,"Friday, Aug 27",In stock.,https://www.amazon.in/RSN-Leather-Journal-Tree-Life/dp/B07TWX5BF7/ref=sr_1_59_sspa?dchild=1&keywords=Anime&qid=1629699334&sr=8-59-spons&psc=1&spLa=ZW5jcnlwdGVkUXVhbGlmaWVyPUExSFNPMDFSMDFJVFhXJmVuY3J5cHRlZElkPUEwMjM5NDIyM0dDMVpCNk4wRjNGSCZlbmNyeXB0ZWRBZElkPUEwNDUzMzY2MzNXVVVSVVVCQVE0SiZ3aWRnZXROYW1lPXNwX2J0ZiZhY3Rpb249Y2xpY2tSZWRpcmVjdCZkb05vdExvZ0NsaWNrPXRydWU=#,"‚úî BEAUTIFULLY CRAFTED & UNIQUE EMBOSSED TREE DESIGN: Made from Soft & Supple Dark Brown Water Leather diary with a real leather scent. Naturally tanned with special oil, if you scratch or fold this crazy genuine leather, you create your own distressed style! Rub your markings and they will fade away. Hand made from 100% genuine leather, our journals can vary in look and shade, producing a unique item, no two are ever the same - a special keepsake for your thoughts & ideas"
SJS,SJ Smart Telescope Full Brass 18 inch Taper Model Solid Telescope with Leather,No Rating,-,"‚Çπ1,250.00",https://www.amazon.in/Smart-Telescope-Brass-Taper-Leather/dp/B094N32J99/ref=sr_1_60_sspa?dchild=1&keywords=Anime&qid=1629699334&sr=8-60-spons&psc=1&spLa=ZW5jcnlwdGVkUXVhbGlmaWVyPUExSFNPMDFSMDFJVFhXJmVuY3J5cHRlZElkPUEwMjM5NDIyM0dDMVpCNk4wRjNGSCZlbmNyeXB0ZWRBZElkPUEwMjk0NzkwMkZORjNMQzNZM1k3NiZ3aWRnZXROYW1lPXNwX2J0ZiZhY3Rpb249Y2xpY2tSZWRpcmVjdCZkb05vdExvZ0NsaWNrPXRydWU=#,"Monday, Aug 30",In stock.,https://www.amazon.in/Smart-Telescope-Brass-Taper-Leather/dp/B094N32J99/ref=sr_1_60_sspa?dchild=1&keywords=Anime&qid=1629699334&sr=8-60-spons&psc=1&spLa=ZW5jcnlwdGVkUXVhbGlmaWVyPUExSFNPMDFSMDFJVFhXJmVuY3J5cHRlZElkPUEwMjM5NDIyM0dDMVpCNk4wRjNGSCZlbmNyeXB0ZWRBZElkPUEwMjk0NzkwMkZORjNMQzNZM1k3NiZ3aWRnZXROYW1lPXNwX2J0ZiZhY3Rpb249Y2xpY2tSZWRpcmVjdCZkb05vdExvZ0NsaWNrPXRydWU=#,18 inch Leather telescope produce a bright and magnified image
-,"Brelvik Door sealing strip for home, Air Gap Silicone Shield Waterproof Weather-Strip Self-Adhesive Window/Door Tape for Seal, Cockroach Insect Bugs Stopper |1 Meter Transparent",No Rating,-,‚Çπ499.00,https://www.amazon.in/Brelvik-Waterproof-Weather-Strip-Self-Adhesive-Transparent/dp/B09C8TR8BD/ref=sr_1_49_sspa?dchild=1&keywords=Anime&qid=1629699438&sr=8-49-spons&psc=1&spLa=ZW5jcnlwdGVkUXVhbGlmaWVyPUExNEZGR1BOODRPS0hHJmVuY3J5cHRlZElkPUEwMzQ4NzI3MlkxTTJYQzdFU0EyMiZlbmNyeXB0ZWRBZElkPUEwMTg2MzIyMldYTEZOTVVQTTQyTyZ3aWRnZXROYW1lPXNwX2F0Zl9uZXh0JmFjdGlvbj1jbGlja1JlZGlyZWN0JmRvTm90TG9nQ2xpY2s9dHJ1ZQ==#,"Thursday, Aug 26",In stock.,https://www.amazon.in/Brelvik-Waterproof-Weather-Strip-Self-Adhesive-Transparent/dp/B09C8TR8BD/ref=sr_1_49_sspa?dchild=1&keywords=Anime&qid=1629699438&sr=8-49-spons&psc=1&spLa=ZW5jcnlwdGVkUXVhbGlmaWVyPUExNEZGR1BOODRPS0hHJmVuY3J5cHRlZElkPUEwMzQ4NzI3MlkxTTJYQzdFU0EyMiZlbmNyeXB0ZWRBZElkPUEwMTg2MzIyMldYTEZOTVVQTTQyTyZ3aWRnZXROYW1lPXNwX2F0Zl9uZXh0JmFjdGlvbj1jbGlja1JlZGlyZWN0JmRvTm90TG9nQ2xpY2s9dHJ1ZQ==#,"This flexible PVC door sealer is an easy, convenient method of sealing the gap under your door or in your windows"
-,"CURATED CART¬Æ Tabletop Easel with Blackboard| Chalkboard Slate for Restaurant| Bar| Menu| Memo| Kitchen| Message Board| Mini Easel Place Card, (Medium)",No Rating,-,‚Çπ299.00,https://www.amazon.in/CURATED-Tabletop-Blackboard-Chalkboard-Restaurant/dp/B09964WMTR/ref=sr_1_50_sspa?dchild=1&keywords=Anime&qid=1629699438&sr=8-50-spons&psc=1&spLa=ZW5jcnlwdGVkUXVhbGlmaWVyPUExNEZGR1BOODRPS0hHJmVuY3J5cHRlZElkPUEwMzQ4NzI3MlkxTTJYQzdFU0EyMiZlbmNyeXB0ZWRBZElkPUEwMTIyNDkwMks2MDUzUEtDWVA0NSZ3aWRnZXROYW1lPXNwX2F0Zl9uZXh0JmFjdGlvbj1jbGlja1JlZGlyZWN0JmRvTm90TG9nQ2xpY2s9dHJ1ZQ==#,"Wednesday, Aug 25",In stock.,https://www.amazon.in/CURATED-Tabletop-Blackboard-Chalkboard-Restaurant/dp/B09964WMTR/ref=sr_1_50_sspa?dchild=1&keywords=Anime&qid=1629699438&sr=8-50-spons&psc=1&spLa=ZW5jcnlwdGVkUXVhbGlmaWVyPUExNEZGR1BOODRPS0hHJmVuY3J5cHRlZElkPUEwMzQ4NzI3MlkxTTJYQzdFU0EyMiZlbmNyeXB0ZWRBZElkPUEwMTIyNDkwMks2MDUzUEtDWVA0NSZ3aWRnZXROYW1lPXNwX2F0Zl9uZXh0JmFjdGlvbj1jbGlja1JlZGlyZWN0JmRvTm90TG9nQ2xpY2s9dHJ1ZQ==#,"MATERIAL :- Sturdy original wooden Easel stand, Single side board with slightly textured surface."
Pattern: Foot Prints,"Anshika International Retro Antique Vintage Personal Leather Bound Notebook Diary with Lock for Travel, Writer, Journal - Brown, 7 x 5 Inches",4.3 out of 5,189 ratings,-,https://www.amazon.in/Anshika-International-Leather-Engraved-Journey/dp/B0794V6NP8/ref=sr_1_51_sspa?dchild=1&keywords=Anime&qid=1629699438&sr=8-51-spons&psc=1&spLa=ZW5jcnlwdGVkUXVhbGlmaWVyPUExNEZGR1BOODRPS0hHJmVuY3J5cHRlZElkPUEwMzQ4NzI3MlkxTTJYQzdFU0EyMiZlbmNyeXB0ZWRBZElkPUEwMjA2Njk2VU9NQ0lDTkcxM05LJndpZGdldE5hbWU9c3BfYXRmX25leHQmYWN0aW9uPWNsaWNrUmVkaXJlY3QmZG9Ob3RMb2dDbGljaz10cnVl#,"Friday, Aug 27",In stock.,https://www.amazon.in/Anshika-International-Leather-Engraved-Journey/dp/B0794V6NP8/ref=sr_1_51_sspa?dchild=1&keywords=Anime&qid=1629699438&sr=8-51-spons&psc=1&spLa=ZW5jcnlwdGVkUXVhbGlmaWVyPUExNEZGR1BOODRPS0hHJmVuY3J5cHRlZElkPUEwMzQ4NzI3MlkxTTJYQzdFU0EyMiZlbmNyeXB0ZWRBZElkPUEwMjA2Njk2VU9NQ0lDTkcxM05LJndpZGdldE5hbWU9c3BfYXRmX25leHQmYWN0aW9uPWNsaWNrUmVkaXJlY3QmZG9Ob3RMb2dDbGljaz10cnVl#,¬ª„ÄêHandcrafted From Genuine Leather„Äë: Each journal is specially designed and handmade from premium split leather. Artful hand stitching to create a timeless space for your thoughts
Pullox,Pullox 50mm Lance achromatic Astronomical Telescope Making Lance Doublet Lens Focal Length 500mm Focal Length,4.1 out of 5,14 ratings,‚Çπ849.00,https://www.amazon.in/Pullox-achromatic-Astronomical-Telescope-Doublet/dp/B08DMRPX13/ref=sr_1_52_sspa?dchild=1&keywords=Anime&qid=1629699438&sr=8-52-spons&psc=1&spLa=ZW5jcnlwdGVkUXVhbGlmaWVyPUExNEZGR1BOODRPS0hHJmVuY3J5cHRlZElkPUEwMzQ4NzI3MlkxTTJYQzdFU0EyMiZlbmNyeXB0ZWRBZElkPUEwOTMxODY5MUVIODVETVBZWEU4UyZ3aWRnZXROYW1lPXNwX2F0Zl9uZXh0JmFjdGlvbj1jbGlja1JlZGlyZWN0JmRvTm90TG9nQ2xpY2s9dHJ1ZQ==#,"Monday, Aug 30",In stock.,https://www.amazon.in/Pullox-achromatic-Astronomical-Telescope-Doublet/dp/B08DMRPX13/ref=sr_1_52_sspa?dchild=1&keywords=Anime&qid=1629699438&sr=8-52-spons&psc=1&spLa=ZW5jcnlwdGVkUXVhbGlmaWVyPUExNEZGR1BOODRPS0hHJmVuY3J5cHRlZElkPUEwMzQ4NzI3MlkxTTJYQzdFU0EyMiZlbmNyeXB0ZWRBZElkPUEwOTMxODY5MUVIODVETVBZWEU4UyZ3aWRnZXROYW1lPXNwX2F0Zl9uZXh0JmFjdGlvbj1jbGlja1JlZGlyZWN0JmRvTm90TG9nQ2xpY2s9dHJ1ZQ==#,50mm telescope
-,The Secret Life of Pets,4.7 out of 5,"2,441 ratings",‚Çπ549.00,-,"Wednesday, Aug 25",In stock.,-,-
Ceramic,Eagletail India Anime Series Saying OK Printed Ceramic Coffee Mug,4.6 out of 5,52 ratings,-,https://www.amazon.in/Eagletail-India-Saying-Printed-Ceramic/dp/B07B2JP37P/ref=sr_1_54?dchild=1&keywords=Anime&qid=1629699438&sr=8-54#,"Monday, Aug 30",In stock.,https://www.amazon.in/Eagletail-India-Saying-Printed-Ceramic/dp/B07B2JP37P/ref=sr_1_54?dchild=1&keywords=Anime&qid=1629699438&sr=8-54#,"Perfect Gift for your Friends or Relative | Gift for Friend, Boyfriend, Girlfriend, Brother, Sister"
-,"THREE DICE Anime SOFTCOVER Notebook Demon Slayer (TANJIRO KAMADO HINOKAMI Kagura) : A4 (29.7 X 21 cm), 250 Pages, UNRULED",No Rating,-,‚Çπ149.00,https://www.amazon.in/THREE-DICE-SOFTCOVER-Notebook-HINOKAMI/dp/B096W5T674/ref=sr_1_55?dchild=1&keywords=Anime&qid=1629699438&sr=8-55#,Aug 28 - Sep 1,In stock.,https://www.amazon.in/THREE-DICE-SOFTCOVER-Notebook-HINOKAMI/dp/B096W5T674/ref=sr_1_55?dchild=1&keywords=Anime&qid=1629699438&sr=8-55#,"250 Pages, Unruled (white)."
Ceramic,Eagletail India Anime #684 Ceramic Coffee Mug (White),4.8 out of 5,44 ratings,‚Çπ299.00,https://www.amazon.in/Eagletail-India-Piece-Ceramic-Coffee/dp/B07PS6J57Z/ref=sr_1_56?dchild=1&keywords=Anime&qid=1629699438&sr=8-56#,"Monday, Aug 30",In stock.,https://www.amazon.in/Eagletail-India-Piece-Ceramic-Coffee/dp/B07PS6J57Z/ref=sr_1_56?dchild=1&keywords=Anime&qid=1629699438&sr=8-56#,"Perfect Gift Option for One Piece Anime Series fans | Unique Design Mug | Birthday Gift | Gift for Friend, Boyfriend, Girlfriend, Brother, Sister | Unique Mug"
-,Bidheaven Anime Naruto First Hokage Tsunade Necklace (Blue),3.8 out of 5,6 ratings,‚Çπ350.00,https://www.amazon.in/Bidheaven-Naruto-Tsunade-Necklace-Pendant/dp/B07Q14N127/ref=sr_1_57?dchild=1&keywords=Anime&qid=1629699438&sr=8-57#,Aug 28 - 29,In stock.,https://www.amazon.in/Bidheaven-Naruto-Tsunade-Necklace-Pendant/dp/B07Q14N127/ref=sr_1_57?dchild=1&keywords=Anime&qid=1629699438&sr=8-57#,"Search for ""Bidheaven"" to see more of our products"
MANAV,"MANAV ANIMA POT PVC Enema Kit for Home Use with instruction 1 silicon tube, 2 nozzles, 1 clamp with user manual(1500 ml)",No Rating,-,‚Çπ331.00,https://www.amazon.in/MANAV-instruction-silicon-nozzles-manual/dp/B095816J1J/ref=sr_1_58?dchild=1&keywords=Anime&qid=1629699438&sr=8-58#,Aug 28 - 29,In stock.,https://www.amazon.in/MANAV-instruction-silicon-nozzles-manual/dp/B095816J1J/ref=sr_1_58?dchild=1&keywords=Anime&qid=1629699438&sr=8-58#,Enima is a Device use to introduce Stream of water into the body for Medical or Hygienic reason or the Stream of water itself.
Graphic,ISEE 360¬Æ Laptop Skin Sharingan Anime 15.6 Inches Vinyl Stickers Waterproof Cover with Lamination HD Quality,3.6 out of 5,8 ratings,‚Çπ199.00,https://www.amazon.in/ISEE-Sharingan-Stickers-Waterproof-Lamination/dp/B08P54JQ7H/ref=sr_1_49?dchild=1&keywords=Anime&qid=1629699438&sr=8-49#,Aug 31 - Sep 2,In stock.,https://www.amazon.in/ISEE-Sharingan-Stickers-Waterproof-Lamination/dp/B08P54JQ7H/ref=sr_1_49?dchild=1&keywords=Anime&qid=1629699438&sr=8-49#,"ISEE 360 Laptop Skin Sticker Decal Free Sponge & Squeezer : 100% brand New, Fits up to 15.6 Inches Laptops;Please Make Sure You Should Shape The Skin Corner Before Use: Material: PVC_ Vinyl Removable Layer & Paper layer"
Ceramic,ONE Piece Anime Mug | Zoro | ZOROZURO | Badass | WANO ARC| Swordman | Three Sword User | Pirates Anime Mug Cup 350ml,No Rating,-,‚Çπ399.00,https://www.amazon.in/Piece-ZOROZURO-Badass-Swordman-Pirates/dp/B08SKNVBBK/ref=sr_1_50?dchild=1&keywords=Anime&qid=1629699438&sr=8-50#,"Wednesday, Sep 1",In stock.,https://www.amazon.in/Piece-ZOROZURO-Badass-Swordman-Pirates/dp/B08SKNVBBK/ref=sr_1_50?dchild=1&keywords=Anime&qid=1629699438&sr=8-50#,Material: Ceramic
-,"THREE DICE SOFTCOVER Anime Notebook Jujutsu Kaisen (Kyoto HIGH School) : A4 (29.7 X 21 cm), 200 Pages, UNRULED",No Rating,-,‚Çπ175.00,https://www.amazon.in/THREE-DICE-SOFTCOVER-Notebook-Jujutsu/dp/B096W3P235/ref=sr_1_51?dchild=1&keywords=Anime&qid=1629699438&sr=8-51#,Aug 28 - Sep 1,In stock.,https://www.amazon.in/THREE-DICE-SOFTCOVER-Notebook-Jujutsu/dp/B096W3P235/ref=sr_1_51?dchild=1&keywords=Anime&qid=1629699438&sr=8-51#,"200 Pages, Unruled (white)."
IMPOSTER,"IMPOSTER Jujutsu Kaisen Manga Anime Poster - Exclusive Artwork Collection | 300GSM Paper, Unframed, No Sticker, 12x18 inches, Design 20",No Rating,-,‚Çπ189.00,https://www.amazon.in/IMPOSTER-Jujutsu-Kaisen-Manga-Poster/dp/B09CL3923Q/ref=sr_1_52?dchild=1&keywords=Anime&qid=1629699438&sr=8-52#,Aug 29 - 30,In stock.,https://www.amazon.in/IMPOSTER-Jujutsu-Kaisen-Manga-Poster/dp/B09CL3923Q/ref=sr_1_52?dchild=1&keywords=Anime&qid=1629699438&sr=8-52#,"All exclusive designs with multiple size options, printed on 300GSM cardstock"
-,Dankster Graphic Printed Gojo Saturo Anime Manga Cool T-Shirt for Men & Women Half Sleeve T-Shirt Round Neck T Shirt 100% Cotton T-Shirt Short Sleeve T Shirt,5 out of 5,2 ratings,‚Çπ699.00,-,-,-,-,"Care Instructions: Wash with similar colours, Wash inside out, Do not iron on printed areas."
Gold,"POP THE PARTY Curly Cosplay Costume Party Hair Anime Wigs Full Hair Wavy Wig (Gold, short)",3.9 out of 5,12 ratings,‚Çπ299.00,https://www.amazon.in/Pop-Party-Straight-Fashion-Cosplay/dp/B083WJVLJL/ref=sr_1_54?dchild=1&keywords=Anime&qid=1629699438&sr=8-54#,"Sunday, Aug 29",In stock.,https://www.amazon.in/Pop-Party-Straight-Fashion-Cosplay/dp/B083WJVLJL/ref=sr_1_54?dchild=1&keywords=Anime&qid=1629699438&sr=8-54#,This will be an excellent pick for you
-,Color Empire Printed Notebook Diary | A5 in Size | B&W Anime Art | Unrulled Diary | A5 Notepad | Writing Journal | Personal Diary,No Rating,-,-,https://www.amazon.in/Printed-Notebook-Unrulled-Notepad-Personal/dp/B099S6P3S7/ref=sr_1_55?dchild=1&keywords=Anime&qid=1629699438&sr=8-55#,"Monday, Aug 30",In stock.,https://www.amazon.in/Printed-Notebook-Unrulled-Notepad-Personal/dp/B099S6P3S7/ref=sr_1_55?dchild=1&keywords=Anime&qid=1629699438&sr=8-55#,-
Ceramic,"Tee Mafia Naruto Anime Manga Art Cartoon Microwave and Dishwasher Safe Ceramic Coffee Mug with Print (Black, 330 ml)",5 out of 5,1 rating,‚Çπ399.00,https://www.amazon.in/Tee-Mafia-Cartoon-Microwave-Dishwasher/dp/B096P7RCN4/ref=sr_1_56?dchild=1&keywords=Anime&qid=1629699438&sr=8-56#,"Thursday, Aug 26",In stock.,https://www.amazon.in/Tee-Mafia-Cartoon-Microwave-Dishwasher/dp/B096P7RCN4/ref=sr_1_56?dchild=1&keywords=Anime&qid=1629699438&sr=8-56#,"Package Content: 1 Printed Ceramic Coffee Mug (350 Ml Capacity) 3 Layer Thermocol Safe Packaging ,Dimension: Outer Diameter: 7.5 cm, Height: 7.5 cm | Wash Care - Do Not Scrub From Outside,"
BOENJOY,Boenjoy Gifts - One Piece Mini 6 Pcs Action Figure Set|Mini One Piece | Limited Edition Exclusive | Collectible| No Box | Needs to be Assembled | Anime Manga,No Rating,-,"‚Çπ1,190.00",https://www.amazon.in/Boenjoy-Gifts-Exclusive-Collectible-Assembled/dp/B09CJN4VQJ/ref=sr_1_57?dchild=1&keywords=Anime&qid=1629699438&sr=8-57#,"Sunday, Aug 29",Only 2 left in stock.,https://www.amazon.in/Boenjoy-Gifts-Exclusive-Collectible-Assembled/dp/B09CJN4VQJ/ref=sr_1_57?dchild=1&keywords=Anime&qid=1629699438&sr=8-57#,The One Piece themed 6 pcs Collectible Action Figures - Unbelievable likeness - Mini Size
Careflection,Careflection Pack of 20 Demon Slayer Tanjiro Anime Japanese Cartoon - Vinyl Glossy Finish Laminated Stickers Perfect for Laptop Computer Car Water Bottle Travel Case Guitar Luggage Motorbikes,No Rating,-,‚Çπ309.00,https://www.amazon.in/Careflection-Slayer-Tanjiro-Japanese-Cartoon/dp/B09CL7KTSW/ref=sr_1_58?dchild=1&keywords=Anime&qid=1629699438&sr=8-58#,Aug 26 - 30,In stock.,https://www.amazon.in/Careflection-Slayer-Tanjiro-Japanese-Cartoon/dp/B09CL7KTSW/ref=sr_1_58?dchild=1&keywords=Anime&qid=1629699438&sr=8-58#,Demon Slayer: Tanjiro - Nezuko - Zenitsu - Inosuke - Giyu - Hashira
-,"Circular Paper Cutter Cut Circle Paper Trimmer Scrapbooking Tool Rotary Cutter Craft Supplies, Round Cutting Knife Model Cards Cutters",No Rating,-,"‚Çπ2,699.00",https://www.amazon.in/Circular-Trimmer-Scrapbooking-Supplies-Cutting/dp/B096V5NWH7/ref=sr_1_59_sspa?dchild=1&keywords=Anime&qid=1629699438&sr=8-59-spons&psc=1&spLa=ZW5jcnlwdGVkUXVhbGlmaWVyPUExNEZGR1BOODRPS0hHJmVuY3J5cHRlZElkPUEwMzQ4NzI3MlkxTTJYQzdFU0EyMiZlbmNyeXB0ZWRBZElkPUEwMjg1NjUyM0pUM0tEM1I5NFVWMyZ3aWRnZXROYW1lPXNwX210ZiZhY3Rpb249Y2xpY2tSZWRpcmVjdCZkb05vdExvZ0NsaWNrPXRydWU=#,"Thursday, Aug 26",In stock.,https://www.amazon.in/Circular-Trimmer-Scrapbooking-Supplies-Cutting/dp/B096V5NWH7/ref=sr_1_59_sspa?dchild=1&keywords=Anime&qid=1629699438&sr=8-59-spons&psc=1&spLa=ZW5jcnlwdGVkUXVhbGlmaWVyPUExNEZGR1BOODRPS0hHJmVuY3J5cHRlZElkPUEwMzQ4NzI3MlkxTTJYQzdFU0EyMiZlbmNyeXB0ZWRBZElkPUEwMjg1NjUyM0pUM0tEM1I5NFVWMyZ3aWRnZXROYW1lPXNwX210ZiZhY3Rpb249Y2xpY2tSZWRpcmVjdCZkb05vdExvZ0NsaWNrPXRydWU=#,"Rotary paper cutter, lightweight and portable, convenient and easy to use."
-,"Urban Platter Food Grade Wrapping Paper Foil, 1Kg [Greese-Proof]",4.1 out of 5,3 ratings,‚Çπ550.00,https://www.amazon.in/Urban-Platter-Grade-Wrapping-Greese-Proof/dp/B08GZMSXXK/ref=sr_1_60_sspa?dchild=1&keywords=Anime&qid=1629699438&sr=8-60-spons&psc=1&spLa=ZW5jcnlwdGVkUXVhbGlmaWVyPUExNEZGR1BOODRPS0hHJmVuY3J5cHRlZElkPUEwMzQ4NzI3MlkxTTJYQzdFU0EyMiZlbmNyeXB0ZWRBZElkPUEwNzIxOTgxM1Y0WktPTkRWUENOQyZ3aWRnZXROYW1lPXNwX210ZiZhY3Rpb249Y2xpY2tSZWRpcmVjdCZkb05vdExvZ0NsaWNrPXRydWU=#,"Wednesday, Aug 25",In stock.,https://www.amazon.in/Urban-Platter-Grade-Wrapping-Greese-Proof/dp/B08GZMSXXK/ref=sr_1_60_sspa?dchild=1&keywords=Anime&qid=1629699438&sr=8-60-spons&psc=1&spLa=ZW5jcnlwdGVkUXVhbGlmaWVyPUExNEZGR1BOODRPS0hHJmVuY3J5cHRlZElkPUEwMzQ4NzI3MlkxTTJYQzdFU0EyMiZlbmNyeXB0ZWRBZElkPUEwNzIxOTgxM1Y0WktPTkRWUENOQyZ3aWRnZXROYW1lPXNwX210ZiZhY3Rpb249Y2xpY2tSZWRpcmVjdCZkb05vdExvZ0NsaWNrPXRydWU=#,A premium quality paper foil with two layers - paper and foil - for wrapping food.
Light Brown,"Pranjals House Antique Handcraft Leather Journal Notebook Diary for Men & Women, Daily Writing, Travel Diary - 7*5 Inches, Light Brown",4.4 out of 5,618 ratings,‚Çπ499.00,https://www.amazon.in/pranjals-house-Genuine-Leather-Notebook/dp/B07MCCV1YF/ref=sr_1_61_sspa?dchild=1&keywords=Anime&qid=1629699438&sr=8-61-spons&psc=1&spLa=ZW5jcnlwdGVkUXVhbGlmaWVyPUExNEZGR1BOODRPS0hHJmVuY3J5cHRlZElkPUEwMzQ4NzI3MlkxTTJYQzdFU0EyMiZlbmNyeXB0ZWRBZElkPUEwMDM4NzM1MkZGSVpaTkJWRE8zRCZ3aWRnZXROYW1lPXNwX210ZiZhY3Rpb249Y2xpY2tSZWRpcmVjdCZkb05vdExvZ0NsaWNrPXRydWU=#,"Friday, Aug 27",In stock.,https://www.amazon.in/pranjals-house-Genuine-Leather-Notebook/dp/B07MCCV1YF/ref=sr_1_61_sspa?dchild=1&keywords=Anime&qid=1629699438&sr=8-61-spons&psc=1&spLa=ZW5jcnlwdGVkUXVhbGlmaWVyPUExNEZGR1BOODRPS0hHJmVuY3J5cHRlZElkPUEwMzQ4NzI3MlkxTTJYQzdFU0EyMiZlbmNyeXB0ZWRBZElkPUEwMDM4NzM1MkZGSVpaTkJWRE8zRCZ3aWRnZXROYW1lPXNwX210ZiZhY3Rpb249Y2xpY2tSZWRpcmVjdCZkb05vdExvZ0NsaWNrPXRydWU=#,Dimensions: Length - 7 Inches X Width - 5 Inches
White,"YAJNAS Non Magnetic Double Sided White Board and Chalk Board one Side White Marker and Reverse Side Green Chalk Board Surface + Duster + Marker & 30 cm Scale - Pack of 4, 1.5x2 Feet",4.1 out of 5,"4,154 ratings",‚Çπ674.00,https://www.amazon.in/YAJNAS-Magnetic-Writing-Reverse-Surface/dp/B07Y85456D/ref=sr_1_62_sspa?dchild=1&keywords=Anime&qid=1629699438&sr=8-62-spons&psc=1&smid=A125IZT9WMQLXG&spLa=ZW5jcnlwdGVkUXVhbGlmaWVyPUExNEZGR1BOODRPS0hHJmVuY3J5cHRlZElkPUEwMzQ4NzI3MlkxTTJYQzdFU0EyMiZlbmNyeXB0ZWRBZElkPUEwMTk1NTIxMU5TRFdJNUtWN01LSCZ3aWRnZXROYW1lPXNwX210ZiZhY3Rpb249Y2xpY2tSZWRpcmVjdCZkb05vdExvZ0NsaWNrPXRydWU=#,"Monday, Aug 30",In stock.,https://www.amazon.in/YAJNAS-Magnetic-Writing-Reverse-Surface/dp/B07Y85456D/ref=sr_1_62_sspa?dchild=1&keywords=Anime&qid=1629699438&sr=8-62-spons&psc=1&smid=A125IZT9WMQLXG&spLa=ZW5jcnlwdGVkUXVhbGlmaWVyPUExNEZGR1BOODRPS0hHJmVuY3J5cHRlZElkPUEwMzQ4NzI3MlkxTTJYQzdFU0EyMiZlbmNyeXB0ZWRBZElkPUEwMTk1NTIxMU5TRFdJNUtWN01LSCZ3aWRnZXROYW1lPXNwX210ZiZhY3Rpb249Y2xpY2tSZWRpcmVjdCZkb05vdExvZ0NsaWNrPXRydWU=#,"Contains: (Pack of 4) (White Board + Duster + Marker + 30 cm Scale), 1.5 feet x 2 feet Non Magnetic white board which is portable memo white board, or for home, office, study rooms."
-,Color Empire Printed Message Pads Combo with Keyring | Red Black Anime | A6 Message Pads | Unrulled Messapads | A6 Size | Pocket Friendly Gift | Mini Journal,No Rating,-,-,https://www.amazon.in/Printed-Message-Unrulled-Messapads-Friendly/dp/B09D3YT82T/ref=sr_1_63?dchild=1&keywords=Anime&qid=1629699438&sr=8-63#,"Monday, Aug 30",In stock.,https://www.amazon.in/Printed-Message-Unrulled-Messapads-Friendly/dp/B09D3YT82T/ref=sr_1_63?dchild=1&keywords=Anime&qid=1629699438&sr=8-63#,-
-,Anime Store Naruto Akatsuki (Chibi) T-Shirt,4.5 out of 5,4 ratings,‚Çπ499.00,-,-,-,-,Care Instructions: Machine Wash
Ceramic,Senpai Anime Cup - White 11 Ounce Ceramic Anime Coffee Mug - Gift for Aime Lovers,No Rating,-,‚Çπ299.00,https://www.amazon.in/Senpai-Anime-Cup-Ceramic-Coffee/dp/B09CTYK8CP/ref=sr_1_65?dchild=1&keywords=Anime&qid=1629699438&sr=8-65#,"Thursday, Aug 26",In stock.,https://www.amazon.in/Senpai-Anime-Cup-Ceramic-Coffee/dp/B09CTYK8CP/ref=sr_1_65?dchild=1&keywords=Anime&qid=1629699438&sr=8-65#,"DESIGNED TO DELIGHT - Enjoy your morning dose of caffeine with stylish design! This anime cup is the perfect conversation starter, and sure to amuse anyone."
Other,MC SID RAZZ Anime-Death Note L - Morphing Magic Heat Changing Mug - Anime Merchandise India |,5 out of 5,2 ratings,‚Çπ499.00,https://www.amazon.in/MC-SID-RAZZ-Anime-Death-Merchandise/dp/B08JZ47XXD/ref=sr_1_66?dchild=1&keywords=Anime&qid=1629699438&sr=8-66#,"Monday, Aug 30",In stock.,https://www.amazon.in/MC-SID-RAZZ-Anime-Death-Merchandise/dp/B08JZ47XXD/ref=sr_1_66?dchild=1&keywords=Anime&qid=1629699438&sr=8-66#,Anime Series Designed - Multicolor Coffee Mug for coffee lover
Ceramic,ONE Piece Anime Mug | Luffy | Luffy Gear 4 Action | Straw HAT | Pirates Anime Mug Cup 350ml,No Rating,-,‚Çπ399.00,https://www.amazon.in/Piece-Anime-Luffy-Action-Pirates/dp/B08SKLJDBS/ref=sr_1_67?dchild=1&keywords=Anime&qid=1629699438&sr=8-67#,"Wednesday, Sep 1",In stock.,https://www.amazon.in/Piece-Anime-Luffy-Action-Pirates/dp/B08SKLJDBS/ref=sr_1_67?dchild=1&keywords=Anime&qid=1629699438&sr=8-67#,Material: Ceramic
THREE DICE,THREE DICE WALL POSTER ANIME DARLING IN THE FRANXX ZERO TWO X HIRO 016 - A3 (12 X 18 INCHES) FOR ROOM DECOR,No Rating,-,‚Çπ99.00,https://www.amazon.in/THREE-DICE-POSTER-DARLING-FRANXX/dp/B09CNV4Y46/ref=sr_1_68?dchild=1&keywords=Anime&qid=1629699438&sr=8-68#,Aug 28 - Sep 1,In stock.,https://www.amazon.in/THREE-DICE-POSTER-DARLING-FRANXX/dp/B09CNV4Y46/ref=sr_1_68?dchild=1&keywords=Anime&qid=1629699438&sr=8-68#,Poster Size: 30 cm x 45 cm / 12 inches X 18 inches. We suggest using double side tape to paste your posters on the wall right away.
-,Anime Tshirts Tobio kageyama A5 Diary,No Rating,-,-,https://www.amazon.in/Anime-Tshirts-Tobio-kageyama-Diary/dp/B09CDY8XN6/ref=sr_1_69?dchild=1&keywords=Anime&qid=1629699438&sr=8-69#,Aug 27 - 28,Usually dispatched in 2 to 3 days.,https://www.amazon.in/Anime-Tshirts-Tobio-kageyama-Diary/dp/B09CDY8XN6/ref=sr_1_69?dchild=1&keywords=Anime&qid=1629699438&sr=8-69#,-
-,"MANAV ANIMA POT PVC Enema Kit for Home Use with instruction 1 silicon tube, 2 nozzles, 1 clamp with user manual(1500 ml)",No Rating,-,‚Çπ339.00,https://www.amazon.in/MANAV-instruction-silicon-nozzles-manual/dp/B098JCLLS4/ref=sr_1_70?dchild=1&keywords=Anime&qid=1629699438&sr=8-70#,Aug 28 - 29,In stock.,https://www.amazon.in/MANAV-instruction-silicon-nozzles-manual/dp/B098JCLLS4/ref=sr_1_70?dchild=1&keywords=Anime&qid=1629699438&sr=8-70#,Non-Sterile Enema kit 1500ml
One click creations,"One click creations Anime Superhero Character Naruto Framed Poster for Home and Office (Multicolour, 12 X 18 inch)",5 out of 5,1 rating,‚Çπ499.00,https://www.amazon.in/One-click-creations-Superhero-Multicolour/dp/B08Q4CKG91/ref=sr_1_71?dchild=1&keywords=Anime&qid=1629699438&sr=8-71#,Aug 30 - 31,In stock.,https://www.amazon.in/One-click-creations-Superhero-Multicolour/dp/B08Q4CKG91/ref=sr_1_71?dchild=1&keywords=Anime&qid=1629699438&sr=8-71#,"STYLISH DESIGN: Ideal poster frame for your home, office, studio or gallery. Beautifully display posters and art with this sleek design frame."
GOLDEN FEATHER,Golden Feather Anti Skid Cartoon Anime Designer Mouse pad for laptops and Computers Gaming Mousepad (Anime 8),5 out of 5,1 rating,‚Çπ189.00,https://www.amazon.in/Feather-Cartoon-Designer-Computers-Mousepad/dp/B09169BC6G/ref=sr_1_72?dchild=1&keywords=Anime&qid=1629699438&sr=8-72#,"Monday, Aug 30",In stock.,https://www.amazon.in/Feather-Cartoon-Designer-Computers-Mousepad/dp/B09169BC6G/ref=sr_1_72?dchild=1&keywords=Anime&qid=1629699438&sr=8-72#,"Mouse pad-ideal for gamers, graphic designers, or anyone who uses a mouse for long sessions"
Other,MC SID RAZZ - Anime-Quotes Coffee Mug 350 ml - Anime Merchandise India | Multi Color,3.5 out of 5,5 ratings,‚Çπ399.00,https://www.amazon.in/MC-SID-RAZZ-Anime-Quotes-Merchandise/dp/B08JPB8KG4/ref=sr_1_73?dchild=1&keywords=Anime&qid=1629699438&sr=8-73#,"Monday, Aug 30",In stock.,https://www.amazon.in/MC-SID-RAZZ-Anime-Quotes-Merchandise/dp/B08JPB8KG4/ref=sr_1_73?dchild=1&keywords=Anime&qid=1629699438&sr=8-73#,Anime Series Designed - Multicolor Coffee Mug for coffee lover
Kawaii Kart,Kawaii Kart‚Ñ¢ | Naruto Shippuden Sasuke Uchiha - Vibration Stars Action Figure | Naruto Merchandise for Anime Lovers (Size - 18 cm),4.5 out of 5,2 ratings,"‚Çπ1,199.00",https://www.amazon.in/Kawaii-KartTM-Naruto-Shippuden-Sasuke/dp/B09BK4X6QK/ref=sr_1_74?dchild=1&keywords=Anime&qid=1629699438&sr=8-74#,"Thursday, Aug 26",In stock.,https://www.amazon.in/Kawaii-KartTM-Naruto-Shippuden-Sasuke/dp/B09BK4X6QK/ref=sr_1_74?dchild=1&keywords=Anime&qid=1629699438&sr=8-74#,"High Quality: Made of environmental and non-toxic high-quality PVC. Bright colors and never fade, this is your ideal choice."
-,Color Empire Printed Notebook Diary | A5 in Size | Electro Anime | Unrulled Diary | A5 Notepad | Writing Journal | Personal Diary,No Rating,-,-,https://www.amazon.in/Printed-Notebook-Electro-Unrulled-Personal/dp/B099SCHRDL/ref=sr_1_75?dchild=1&keywords=Anime&qid=1629699438&sr=8-75#,"Monday, Aug 30",In stock.,https://www.amazon.in/Printed-Notebook-Electro-Unrulled-Personal/dp/B099SCHRDL/ref=sr_1_75?dchild=1&keywords=Anime&qid=1629699438&sr=8-75#,-
-,TrendOnline Uchia Clan Symbol Anime Hoodie Black Cotton Itachi Uchiha,4.5 out of 5,2 ratings,‚Çπ899.00,-,-,-,-,Care Instructions: Hand Wash Only
Anime cosplay wigs,Simpleyourstyle Women Anime Cosplay Wigs 100cm 39.4inch Long Straight Synthetic Full Rose Network Lace Wigs for Women Black Brown Purple Pink Blue Red White Green Blonde Wigs U Pick (Black Centre Parting) by Anime cosplay wigs,1.6 out of 5,3 ratings,-,https://www.amazon.in/Simpleyourstyle-Anime-Synthetic-cosplay-wigs/dp/B00SB0EU5C/ref=sr_1_77?dchild=1&keywords=Anime&qid=1629699438&sr=8-77#,-,,https://www.amazon.in/Simpleyourstyle-Anime-Synthetic-cosplay-wigs/dp/B00SB0EU5C/ref=sr_1_77?dchild=1&keywords=Anime&qid=1629699438&sr=8-77#,Simpleyourstyle Women Anime Cosplay Wigs 100cm 39.4inch Long Straight Synthetic Full Rose Network Lace Wigs for Women Black Brown Purple Pink Blue Red White Green Blonde Wigs U Pick (Black Centre Parting)
THREE DICE,THREE DICE WALL POSTER ANIME SPIRITED AWAY CHIHIRO NO FACE - A3 (12 X 18 INCHES) FOR ROOM DECOR,No Rating,-,‚Çπ99.00,https://www.amazon.in/THREE-DICE-POSTER-SPIRITED-CHIHIRO/dp/B09CNWB6KV/ref=sr_1_78?dchild=1&keywords=Anime&qid=1629699438&sr=8-78#,Aug 28 - Sep 1,In stock.,https://www.amazon.in/THREE-DICE-POSTER-SPIRITED-CHIHIRO/dp/B09CNWB6KV/ref=sr_1_78?dchild=1&keywords=Anime&qid=1629699438&sr=8-78#,Poster Size: 30 cm x 45 cm / 12 inches X 18 inches. We suggest using double side tape to paste your posters on the wall right away.
-,"Inital D Anime 6"" Wide Akina Speed Stars Decal Sticker for Laptop Car Window Tablet Skateboard - BLACK",No Rating,-,"‚Çπ2,256.00",https://www.amazon.in/Inital-Sticker-Laptop-Window-Skateboard/dp/B071NP9PLB/ref=sr_1_79?dchild=1&keywords=Anime&qid=1629699438&sr=8-79#,Sep 13 - 20,Usually dispatched in 6 to 10 days.,https://www.amazon.in/Inital-Sticker-Laptop-Window-Skateboard/dp/B071NP9PLB/ref=sr_1_79?dchild=1&keywords=Anime&qid=1629699438&sr=8-79#,Warranty not applicable for this product
Ceramic,Visibee ‚ÄòNaruto Anime Manga Art‚Äô FPM630 Printed on Ceramic Coffee Mug (Black),4.6 out of 5,15 ratings,‚Çπ399.00,https://www.amazon.in/Visibee-Naruto-FPM630-Printed-Ceramic/dp/B08Y5YHB4L/ref=sr_1_80?dchild=1&keywords=Anime&qid=1629699438&sr=8-80#,"Monday, Aug 30",In stock.,https://www.amazon.in/Visibee-Naruto-FPM630-Printed-Ceramic/dp/B08Y5YHB4L/ref=sr_1_80?dchild=1&keywords=Anime&qid=1629699438&sr=8-80#,Anime Series Designed - Multicolor Coffee Mug for coffee lover. Fans can show their love for the world of Anime Series with this Designed Multicolor mug.
-,Bidheaven Anime Naruto First Hokage Tsunade Necklace Pendant |Green,4.3 out of 5,5 ratings,‚Çπ350.00,https://www.amazon.in/Bidheaven-Naruto-Tsunade-Necklace-Pendant/dp/B07PZ1HY2R/ref=sr_1_81?dchild=1&keywords=Anime&qid=1629699438&sr=8-81#,Aug 28 - 29,In stock.,https://www.amazon.in/Bidheaven-Naruto-Tsunade-Necklace-Pendant/dp/B07PZ1HY2R/ref=sr_1_81?dchild=1&keywords=Anime&qid=1629699438&sr=8-81#,"Search for ""Bidheaven"" to see more of our products"
14 x 14,Crazy Corner Sasuke Sharingan Anime Printed Generic Round Cushion Velvet Fabric 14x14 inches Round Cushion Pillows/Plush Round Pillow Gift for Birthday/Girlfriend/Boyfriend/Girls/Boys/Kids,No Rating,-,‚Çπ499.00,https://www.amazon.in/Crazy-Corner-Sharingan-Girlfriend-Boyfriend/dp/B08RJDP764/ref=sr_1_82?dchild=1&keywords=Anime&qid=1629699438&sr=8-82#,Aug 30 - 31,Usually dispatched in 2 to 3 days.,https://www.amazon.in/Crazy-Corner-Sharingan-Girlfriend-Boyfriend/dp/B08RJDP764/ref=sr_1_82?dchild=1&keywords=Anime&qid=1629699438&sr=8-82#,SOFT PLUSH QUALITY: Your kids and friends you gift this plush would love to snuggle up with their favorite character by their side. Made of super soft plush material for a comfortable feel perfect to snuggle in your sleep or a great play time accessory.
Trunkin,Trunkin Naruto Ninja Collection Toy Set Action Figure Anime Party Sasuke Naruto Toy Set,No Rating,-,‚Çπ449.00,https://www.amazon.in/Trunkin-Naruto-Collection-Action-Figure/dp/B093FR1KHS/ref=sr_1_83?dchild=1&keywords=Anime&qid=1629699438&sr=8-83#,"Thursday, Aug 26",Only 1 left in stock.,https://www.amazon.in/Trunkin-Naruto-Collection-Action-Figure/dp/B093FR1KHS/ref=sr_1_83?dchild=1&keywords=Anime&qid=1629699438&sr=8-83#,"üíì„ÄêHigh Quality Material„Äë :It is made of high-quality PVC material, which will not break over time. Make sure to make the party a popular gift or first choice for gifts."
-,Color Empire Printed Notebook Diary n Keychain Combo | Electro Anime | Unrulled Diary | A5 Notepad | Writing Journal | Personal Diary | Daily Notebook,No Rating,-,-,https://www.amazon.in/Printed-Notebook-Keychain-Unrulled-Personal/dp/B09D3XBS81/ref=sr_1_84?dchild=1&keywords=Anime&qid=1629699438&sr=8-84#,"Monday, Aug 30",In stock.,https://www.amazon.in/Printed-Notebook-Keychain-Unrulled-Personal/dp/B09D3XBS81/ref=sr_1_84?dchild=1&keywords=Anime&qid=1629699438&sr=8-84#,-
Washable,Rarissime Anime R3 Printed 2 ply Cloth Face Mask,No Rating,-,‚Çπ199.00,https://www.amazon.in/Rarissime-Anime-Printed-Cloth-Face/dp/B099XBBNLC/ref=sr_1_85?dchild=1&keywords=Anime&qid=1629699438&sr=8-85#,"Sunday, Aug 29",In stock.,https://www.amazon.in/Rarissime-Anime-Printed-Cloth-Face/dp/B099XBBNLC/ref=sr_1_85?dchild=1&keywords=Anime&qid=1629699438&sr=8-85#,Care Instructions: Washable
Careflection,Careflection Pack of 6 One Punch Man - Levi - Jujustsu Kaisen - Fairy Tail - My Hero Academia - Baka Anime Japanese Cartoon - Matte Finish Laminated Vinyl Stickers for Laptop Bottle Mobile,5 out of 5,2 ratings,‚Çπ114.00,https://www.amazon.in/Careflection-Pack-One-Punch-Man/dp/B09B2HD9C6/ref=sr_1_86?dchild=1&keywords=Anime&qid=1629699438&sr=8-86#,Aug 26 - 30,In stock.,https://www.amazon.in/Careflection-Pack-One-Punch-Man/dp/B09B2HD9C6/ref=sr_1_86?dchild=1&keywords=Anime&qid=1629699438&sr=8-86#,"Set of 6 stickers, Appropriate machine cuts, no need to cut manually, tear off and stick.f Stickers, Size ranges from 3 cm to 7 cm"
THREE DICE,THREE DICE WALL POSTER ANIME DEATH NOTE L MANGA - A3 (12 X 18 INCHES) FOR ROOM DECOR,No Rating,-,‚Çπ99.00,https://www.amazon.in/THREE-DICE-POSTER-ANIME-DEATH/dp/B09CNTZ762/ref=sr_1_87?dchild=1&keywords=Anime&qid=1629699438&sr=8-87#,Aug 28 - Sep 1,In stock.,https://www.amazon.in/THREE-DICE-POSTER-ANIME-DEATH/dp/B09CNTZ762/ref=sr_1_87?dchild=1&keywords=Anime&qid=1629699438&sr=8-87#,Poster Size: 30 cm x 45 cm / 12 inches X 18 inches. We suggest using double side tape to paste your posters on the wall right away.
Other,MC SID RAZZ - Karasuno High Haikyu!! Coffee Mug - Anime Merchandise India,4.2 out of 5,11 ratings,‚Çπ399.00,https://www.amazon.in/MCSID-RAZZ-Anime-Karasuno-Merchandise-Friendship/dp/B08LL6V1XX/ref=sr_1_88?dchild=1&keywords=Anime&qid=1629699438&sr=8-88#,"Monday, Aug 30",In stock.,https://www.amazon.in/MCSID-RAZZ-Anime-Karasuno-Merchandise-Friendship/dp/B08LL6V1XX/ref=sr_1_88?dchild=1&keywords=Anime&qid=1629699438&sr=8-88#,Anime Series Designed - Multicolor Coffee Mug for coffee lover
-,"THREE DICE Anime SOFTCOVER Notebook Demon Slayer (NEZUKO) : A4 (29.7 X 21 cm), 300 Pages, UNRULED",No Rating,-,‚Çπ179.00,https://www.amazon.in/THREE-DICE-SOFTCOVER-Notebook-Slayer/dp/B096W5TX5M/ref=sr_1_89?dchild=1&keywords=Anime&qid=1629699438&sr=8-89#,Aug 28 - Sep 1,In stock.,https://www.amazon.in/THREE-DICE-SOFTCOVER-Notebook-Slayer/dp/B096W5TX5M/ref=sr_1_89?dchild=1&keywords=Anime&qid=1629699438&sr=8-89#,"300 Pages, Unruled (white)."
Ceramic,ONE Piece Anime Mug | Luffy | Chibi Luffy| Pirates Anime Mug Cup 350ml,No Rating,-,‚Çπ399.00,https://www.amazon.in/Piece-Anime-Luffy-Chibi-Pirates/dp/B08SKKZ8X8/ref=sr_1_90?dchild=1&keywords=Anime&qid=1629699438&sr=8-90#,"Wednesday, Sep 1",In stock.,https://www.amazon.in/Piece-Anime-Luffy-Chibi-Pirates/dp/B08SKKZ8X8/ref=sr_1_90?dchild=1&keywords=Anime&qid=1629699438&sr=8-90#,Material: Ceramic
-,VIKCLIQUE Sasuke Naruto Anime Printed Half Sleeve Round Neck Black T-Shirt for Men's/Boy's,3.7 out of 5,14 ratings,‚Çπ474.00,-,-,-,-,Care Instructions: Machine Wash
-,Color Empire Printed Notebook Diary | A5 in Size | Sky Hair Anime | Unrulled Diary | Office Stationary Notebook | Writing Journal | Personal Diary | Wiro Notebook,No Rating,-,-,https://www.amazon.in/Printed-Notebook-Unrulled-Stationary-Personal/dp/B099SBRX13/ref=sr_1_92?dchild=1&keywords=Anime&qid=1629699438&sr=8-92#,"Monday, Aug 30",In stock.,https://www.amazon.in/Printed-Notebook-Unrulled-Stationary-Personal/dp/B099SBRX13/ref=sr_1_92?dchild=1&keywords=Anime&qid=1629699438&sr=8-92#,-
Ceramic,"Tee Mafia Kid's Ceramic Microwave & Dishwasher Safe Naruto Inside Coffee Mug with Print for Friends, 330 ml, Black",3.9 out of 5,10 ratings,‚Çπ349.00,https://www.amazon.in/Tee-Mafia-Ceramic-Microwave-Dishwasher/dp/B096P98C2J/ref=sr_1_93?dchild=1&keywords=Anime&qid=1629699438&sr=8-93#,"Thursday, Aug 26",In stock.,https://www.amazon.in/Tee-Mafia-Ceramic-Microwave-Dishwasher/dp/B096P98C2J/ref=sr_1_93?dchild=1&keywords=Anime&qid=1629699438&sr=8-93#,"Package Content: 1 Printed Ceramic Coffee Mug (350 Ml Capacity) 3 Layer Thermocol Safe Packaging ,Dimension: Outer Diameter: 7.5 cm, Height: 7.5 cm | Wash Care - Do Not Scrub From Outside,"
MCSID RAZZ,"MC SID RAZZ Anime All Akatsuki Members Paper Wall Poster, Multicolour, 12 x 18 Inches",3.5 out of 5,33 ratings,‚Çπ199.00,https://www.amazon.in/Akatsuki-Members-Poster-Office-Included/dp/B081T9WFBM/ref=sr_1_94?dchild=1&keywords=Anime&qid=1629699438&sr=8-94#,"Monday, Aug 30",In stock.,https://www.amazon.in/Akatsuki-Members-Poster-Office-Included/dp/B081T9WFBM/ref=sr_1_94?dchild=1&keywords=Anime&qid=1629699438&sr=8-94#,We're excited to offer high quality prints using non-toxic acrylic ink on top thick high quality 200gsm paper.
Golden,"VishYogi Printers - Thank You Sticker or Thank You Label, Decorative Sealing Stickers (Golden, 1)",4.6 out of 5,35 ratings,‚Çπ250.00,https://www.amazon.in/VishYogi-Printers-Sticker-Decorative-Stickers/dp/B07JQXQ47T/ref=sr_1_95_sspa?dchild=1&keywords=Anime&qid=1629699438&sr=8-95-spons&psc=1&spLa=ZW5jcnlwdGVkUXVhbGlmaWVyPUExNEZGR1BOODRPS0hHJmVuY3J5cHRlZElkPUEwMzQ4NzI3MlkxTTJYQzdFU0EyMiZlbmNyeXB0ZWRBZElkPUEwODMyMTc3MVpWQ0hWTU5aR045ViZ3aWRnZXROYW1lPXNwX2J0ZiZhY3Rpb249Y2xpY2tSZWRpcmVjdCZkb05vdExvZ0NsaWNrPXRydWU=#,Aug 30 - Sep 1,Usually dispatched in 3 to 4 days.,https://www.amazon.in/VishYogi-Printers-Sticker-Decorative-Stickers/dp/B07JQXQ47T/ref=sr_1_95_sspa?dchild=1&keywords=Anime&qid=1629699438&sr=8-95-spons&psc=1&spLa=ZW5jcnlwdGVkUXVhbGlmaWVyPUExNEZGR1BOODRPS0hHJmVuY3J5cHRlZElkPUEwMzQ4NzI3MlkxTTJYQzdFU0EyMiZlbmNyeXB0ZWRBZElkPUEwODMyMTc3MVpWQ0hWTU5aR045ViZ3aWRnZXROYW1lPXNwX2J0ZiZhY3Rpb249Y2xpY2tSZWRpcmVjdCZkb05vdExvZ0NsaWNrPXRydWU=#,Specifications: 100 adhesive labels
-,Pranjals house Genuine Leather Engraved The Journey Leather Diary with Metal Lock -Brown (New 8x6inches),4.4 out of 5,337 ratings,‚Çπ599.00,https://www.amazon.in/pranjals-house-Genuine-Engraved-8x6inches/dp/B07SFJ6Y15/ref=sr_1_96_sspa?dchild=1&keywords=Anime&qid=1629699438&sr=8-96-spons&psc=1&spLa=ZW5jcnlwdGVkUXVhbGlmaWVyPUExNEZGR1BOODRPS0hHJmVuY3J5cHRlZElkPUEwMzQ4NzI3MlkxTTJYQzdFU0EyMiZlbmNyeXB0ZWRBZElkPUEwNjMxNTE0MVRIT0hUSUk0MFVFJndpZGdldE5hbWU9c3BfYnRmJmFjdGlvbj1jbGlja1JlZGlyZWN0JmRvTm90TG9nQ2xpY2s9dHJ1ZQ==#,"Friday, Aug 27",In stock.,https://www.amazon.in/pranjals-house-Genuine-Engraved-8x6inches/dp/B07SFJ6Y15/ref=sr_1_96_sspa?dchild=1&keywords=Anime&qid=1629699438&sr=8-96-spons&psc=1&spLa=ZW5jcnlwdGVkUXVhbGlmaWVyPUExNEZGR1BOODRPS0hHJmVuY3J5cHRlZElkPUEwMzQ4NzI3MlkxTTJYQzdFU0EyMiZlbmNyeXB0ZWRBZElkPUEwNjMxNTE0MVRIT0hUSUk0MFVFJndpZGdldE5hbWU9c3BfYnRmJmFjdGlvbj1jbGlja1JlZGlyZWN0JmRvTm90TG9nQ2xpY2s9dHJ1ZQ==#,Material : Diaries by Pranjals House are made from Special Quality of Original Leather. Giving these diaries vintage and rich look.
Golden,"VishYogi Printers Self Adhesive Fine Art Paper Dots Sticker Round Circle Blank Labels - 500Pcs, 15mm (Golden)",3.7 out of 5,54 ratings,‚Çπ135.00,https://www.amazon.in/VishYogi-Printers-500Pcs-Sticker-Adhesive/dp/B07HNHC7PN/ref=sr_1_97_sspa?dchild=1&keywords=Anime&qid=1629699438&sr=8-97-spons&psc=1&spLa=ZW5jcnlwdGVkUXVhbGlmaWVyPUExNEZGR1BOODRPS0hHJmVuY3J5cHRlZElkPUEwMzQ4NzI3MlkxTTJYQzdFU0EyMiZlbmNyeXB0ZWRBZElkPUEwODM0NDI5MThHMUo0NkhJNlFQMCZ3aWRnZXROYW1lPXNwX2J0ZiZhY3Rpb249Y2xpY2tSZWRpcmVjdCZkb05vdExvZ0NsaWNrPXRydWU=#,Aug 29 - 31,Usually dispatched in 2 to 3 days.,https://www.amazon.in/VishYogi-Printers-500Pcs-Sticker-Adhesive/dp/B07HNHC7PN/ref=sr_1_97_sspa?dchild=1&keywords=Anime&qid=1629699438&sr=8-97-spons&psc=1&spLa=ZW5jcnlwdGVkUXVhbGlmaWVyPUExNEZGR1BOODRPS0hHJmVuY3J5cHRlZElkPUEwMzQ4NzI3MlkxTTJYQzdFU0EyMiZlbmNyeXB0ZWRBZElkPUEwODM0NDI5MThHMUo0NkhJNlFQMCZ3aWRnZXROYW1lPXNwX2J0ZiZhY3Rpb249Y2xpY2tSZWRpcmVjdCZkb05vdExvZ0NsaWNrPXRydWU=#,"Easy To Use, 15mm Round, Total 500 Label."
Multicolour,KABEER ART Artist Quality 48 Water Color Water Soluble Pencil Set In Metal Tin Case,4.1 out of 5,50 ratings,"‚Çπ1,125.00",https://www.amazon.in/KABEER-ART-Artist-Quality-Soluble/dp/B073WXG71L/ref=sr_1_98_sspa?dchild=1&keywords=Anime&qid=1629699438&sr=8-98-spons&psc=1&smid=A16PJBR3CUION9&spLa=ZW5jcnlwdGVkUXVhbGlmaWVyPUExNEZGR1BOODRPS0hHJmVuY3J5cHRlZElkPUEwMzQ4NzI3MlkxTTJYQzdFU0EyMiZlbmNyeXB0ZWRBZElkPUEwNDc4NTQ1MkFJT0FVWjZQWEpaSSZ3aWRnZXROYW1lPXNwX2J0ZiZhY3Rpb249Y2xpY2tSZWRpcmVjdCZkb05vdExvZ0NsaWNrPXRydWU=#,"Wednesday, Aug 25",In stock.,https://www.amazon.in/KABEER-ART-Artist-Quality-Soluble/dp/B073WXG71L/ref=sr_1_98_sspa?dchild=1&keywords=Anime&qid=1629699438&sr=8-98-spons&psc=1&smid=A16PJBR3CUION9&spLa=ZW5jcnlwdGVkUXVhbGlmaWVyPUExNEZGR1BOODRPS0hHJmVuY3J5cHRlZElkPUEwMzQ4NzI3MlkxTTJYQzdFU0EyMiZlbmNyeXB0ZWRBZElkPUEwNDc4NTQ1MkFJT0FVWjZQWEpaSSZ3aWRnZXROYW1lPXNwX2J0ZiZhY3Rpb249Y2xpY2tSZWRpcmVjdCZkb05vdExvZ0NsaWNrPXRydWU=#,"water color pencils are water soluble and can be used for dry & wet paintings with beautiful results. Dip the pencil in water, or add water to the paper first for easy watercolor drawing and painting. The soft pencil leads allow easy and flawless drawing, but do not break easily. The pencils are beautifully crafted with recycled wood, which is environmentally friendly and non- toxic."
-,OTICA BPL ECG PAPER FOR (9108 Z-FOLD ECG PAPER PACK OF 100 SHEETS),4.1 out of 5,69 ratings,‚Çπ470.00,https://www.amazon.in/OTICA-PAPER-9108-Z-FOLD-SHEETS/dp/B07ZN4ZTV5/ref=sr_1_97_sspa?dchild=1&keywords=Anime&qid=1629699442&sr=8-97-spons&psc=1&spLa=ZW5jcnlwdGVkUXVhbGlmaWVyPUExOFhBQ09OVUNVWUlIJmVuY3J5cHRlZElkPUEwMDU5MTc0VldMUEZZSjJNTTlOJmVuY3J5cHRlZEFkSWQ9QTAzMTc4MDBYN0tLTlVSSENWU1Ymd2lkZ2V0TmFtZT1zcF9hdGZfbmV4dCZhY3Rpb249Y2xpY2tSZWRpcmVjdCZkb05vdExvZ0NsaWNrPXRydWU=#,"Thursday, Aug 26",In stock.,https://www.amazon.in/OTICA-PAPER-9108-Z-FOLD-SHEETS/dp/B07ZN4ZTV5/ref=sr_1_97_sspa?dchild=1&keywords=Anime&qid=1629699442&sr=8-97-spons&psc=1&spLa=ZW5jcnlwdGVkUXVhbGlmaWVyPUExOFhBQ09OVUNVWUlIJmVuY3J5cHRlZElkPUEwMDU5MTc0VldMUEZZSjJNTTlOJmVuY3J5cHRlZEFkSWQ9QTAzMTc4MDBYN0tLTlVSSENWU1Ymd2lkZ2V0TmFtZT1zcF9hdGZfbmV4dCZhY3Rpb249Y2xpY2tSZWRpcmVjdCZkb05vdExvZ0NsaWNrPXRydWU=#,Can be used in bpl 12 channel ECG machine model 9108
-,"KABEER ART ¬Æ Big Correction Tape Set of 3 Pcs (Transparent, 5 mm x 12 mtr Length Each)",3.6 out of 5,396 ratings,‚Çπ210.00,https://www.amazon.in/KABEER-ART%C2%AE-Correction-Tape-Length/dp/B078L5RFZR/ref=sr_1_98_sspa?dchild=1&keywords=Anime&qid=1629699442&sr=8-98-spons&psc=1&spLa=ZW5jcnlwdGVkUXVhbGlmaWVyPUExOFhBQ09OVUNVWUlIJmVuY3J5cHRlZElkPUEwMDU5MTc0VldMUEZZSjJNTTlOJmVuY3J5cHRlZEFkSWQ9QTA0Nzc4MzMzN1kyRExaSFhBRFVNJndpZGdldE5hbWU9c3BfYXRmX25leHQmYWN0aW9uPWNsaWNrUmVkaXJlY3QmZG9Ob3RMb2dDbGljaz10cnVl#,"Thursday, Aug 26",In stock.,https://www.amazon.in/KABEER-ART%C2%AE-Correction-Tape-Length/dp/B078L5RFZR/ref=sr_1_98_sspa?dchild=1&keywords=Anime&qid=1629699442&sr=8-98-spons&psc=1&spLa=ZW5jcnlwdGVkUXVhbGlmaWVyPUExOFhBQ09OVUNVWUlIJmVuY3J5cHRlZElkPUEwMDU5MTc0VldMUEZZSjJNTTlOJmVuY3J5cHRlZEFkSWQ9QTA0Nzc4MzMzN1kyRExaSFhBRFVNJndpZGdldE5hbWU9c3BfYXRmX25leHQmYWN0aW9uPWNsaWNrUmVkaXJlY3QmZG9Ob3RMb2dDbGljaz10cnVl#,"Convenient, disposable, ultra compact applicator with protective tip. (Non-refillable)"
Golden,"VishYogi Printers - Thank You Sticker or Thank You Label, Decorative Sealing Stickers (Golden, 2)",4.6 out of 5,35 ratings,‚Çπ230.00,https://www.amazon.in/VishYogi-Printers-Sticker-Decorative-Stickers/dp/B07JQSLCRW/ref=sr_1_99_sspa?dchild=1&keywords=Anime&qid=1629699442&sr=8-99-spons&psc=1&spLa=ZW5jcnlwdGVkUXVhbGlmaWVyPUExOFhBQ09OVUNVWUlIJmVuY3J5cHRlZElkPUEwMDU5MTc0VldMUEZZSjJNTTlOJmVuY3J5cHRlZEFkSWQ9QTA4MzIzMDExUDdSUFNUM0RXVDBGJndpZGdldE5hbWU9c3BfYXRmX25leHQmYWN0aW9uPWNsaWNrUmVkaXJlY3QmZG9Ob3RMb2dDbGljaz10cnVl#,Aug 30 - Sep 1,Usually dispatched in 3 to 4 days.,https://www.amazon.in/VishYogi-Printers-Sticker-Decorative-Stickers/dp/B07JQSLCRW/ref=sr_1_99_sspa?dchild=1&keywords=Anime&qid=1629699442&sr=8-99-spons&psc=1&spLa=ZW5jcnlwdGVkUXVhbGlmaWVyPUExOFhBQ09OVUNVWUlIJmVuY3J5cHRlZElkPUEwMDU5MTc0VldMUEZZSjJNTTlOJmVuY3J5cHRlZEFkSWQ9QTA4MzIzMDExUDdSUFNUM0RXVDBGJndpZGdldE5hbWU9c3BfYXRmX25leHQmYWN0aW9uPWNsaWNrUmVkaXJlY3QmZG9Ob3RMb2dDbGljaz10cnVl#,Specifications: 100 adhesive labels
Brass,"PALANQUIN Bookmark OM in Brass Metal, Premium Design, Golden Finish | Unique Inspirational Bookmark for Reading Enthusiasts and Gifting",3.9 out of 5,7 ratings,‚Çπ450.00,https://www.amazon.in/PALANQUIN-Bookmark-Premium-Inspirational-Enthusiasts/dp/B08T24B21J/ref=sr_1_100_sspa?dchild=1&keywords=Anime&qid=1629699442&sr=8-100-spons&psc=1&spLa=ZW5jcnlwdGVkUXVhbGlmaWVyPUExOFhBQ09OVUNVWUlIJmVuY3J5cHRlZElkPUEwMDU5MTc0VldMUEZZSjJNTTlOJmVuY3J5cHRlZEFkSWQ9QTAzNjg3MTkyQ0xKSTk2ME83RVZYJndpZGdldE5hbWU9c3BfYXRmX25leHQmYWN0aW9uPWNsaWNrUmVkaXJlY3QmZG9Ob3RMb2dDbGljaz10cnVl#,"Saturday, Aug 28",In stock.,https://www.amazon.in/PALANQUIN-Bookmark-Premium-Inspirational-Enthusiasts/dp/B08T24B21J/ref=sr_1_100_sspa?dchild=1&keywords=Anime&qid=1629699442&sr=8-100-spons&psc=1&spLa=ZW5jcnlwdGVkUXVhbGlmaWVyPUExOFhBQ09OVUNVWUlIJmVuY3J5cHRlZElkPUEwMDU5MTc0VldMUEZZSjJNTTlOJmVuY3J5cHRlZEFkSWQ9QTAzNjg3MTkyQ0xKSTk2ME83RVZYJndpZGdldE5hbWU9c3BfYXRmX25leHQmYWN0aW9uPWNsaWNrUmVkaXJlY3QmZG9Ob3RMb2dDbGljaz10cnVl#,Made in India by artisans using lead-free brass metal; precise and intricately-cut design without sharp edges
Ceramic,Eagletail India Anime #696 Ceramic Coffee Mug,4.4 out of 5,22 ratings,‚Çπ299.00,https://www.amazon.in/Eagletail-India-Friends-Ceramic-Coffee/dp/B07PR6Q27X/ref=sr_1_101?dchild=1&keywords=Anime&qid=1629699442&sr=8-101#,"Monday, Aug 30",In stock.,https://www.amazon.in/Eagletail-India-Friends-Ceramic-Coffee/dp/B07PR6Q27X/ref=sr_1_101?dchild=1&keywords=Anime&qid=1629699442&sr=8-101#,"Perfect Gift Option for One Piece Anime Series fans | Unique Design Mug | Birthday Gift | Gift for Friend, Boyfriend, Girlfriend, Brother, Sister | Unique Mug"
Washable,Rarissime Anime Printed 2 ply Cloth Face Mask,No Rating,-,‚Çπ199.00,https://www.amazon.in/Rarissime-Anime-Printed-Cloth-Face/dp/B099XC7RYR/ref=sr_1_102?dchild=1&keywords=Anime&qid=1629699442&sr=8-102#,"Sunday, Aug 29",In stock.,https://www.amazon.in/Rarissime-Anime-Printed-Cloth-Face/dp/B099XC7RYR/ref=sr_1_102?dchild=1&keywords=Anime&qid=1629699442&sr=8-102#,Care Instructions: Washable
THREE DICE,THREE DICE WALL POSTER ANIME JUJUTSU KAISEN TOKYO HIGH MEGUMI ITADORI NANAMI - A3 (12 X 18 INCHES) FOR ROOM DECOR,No Rating,-,‚Çπ99.00,https://www.amazon.in/THREE-DICE-POSTER-JUJUTSU-ITADORI/dp/B09BZTMDMT/ref=sr_1_103?dchild=1&keywords=Anime&qid=1629699442&sr=8-103#,Aug 28 - Sep 1,In stock.,https://www.amazon.in/THREE-DICE-POSTER-JUJUTSU-ITADORI/dp/B09BZTMDMT/ref=sr_1_103?dchild=1&keywords=Anime&qid=1629699442&sr=8-103#,Poster Size: 45 cm x 30 cm / 12 inches X 18 inches. We suggest using double side tape to paste your posters on the wall right away.
Careflection,Careflection Pack of 25 My Hero Academia MHA Anime Japanese Cartoon - Multipurpose Vinyl Laminated Stickers Perfect for Laptop Computer Mobile Bottle (Glossy Finish),No Rating,-,‚Çπ329.00,https://www.amazon.in/Careflection-Academia-Anime-Japanese-Cartoon/dp/B09BNZ1YQB/ref=sr_1_104?dchild=1&keywords=Anime&qid=1629699442&sr=8-104#,Aug 26 - 30,In stock.,https://www.amazon.in/Careflection-Academia-Anime-Japanese-Cartoon/dp/B09BNZ1YQB/ref=sr_1_104?dchild=1&keywords=Anime&qid=1629699442&sr=8-104#,Midoriya Deku Ochako Almight Bakugo Torodoki Aizawa and so on
Black,"Shaear Hairs Womens/Ladies 70cm Black Color Long Curly Cosplay/Costume/Anime/Party/Bangs Full Sexy synthetic hair Wig (70cm,Curly,Black).Size",No Rating,-,-,https://www.amazon.in/Shaear-Hairs-Cosplay-Costume-synthetic/dp/B08P2VWNSM/ref=sr_1_105?dchild=1&keywords=Anime&qid=1629699442&sr=8-105#,-,,https://www.amazon.in/Shaear-Hairs-Cosplay-Costume-synthetic/dp/B08P2VWNSM/ref=sr_1_105?dchild=1&keywords=Anime&qid=1629699442&sr=8-105#,"Soft touch and natural look product, suit for Family function,theme party,Official work costume or everyday wear"
BOENJOY,Boenjoy Gifts - One Piece Running Sabo - ASL Flag Action Figure | Limited Edition Exclusive | Collectible| No Box | Needs to be Assembled | Anime Manga | Running Sabo Ace Backpack Monkey D Luffy,No Rating,-,‚Çπ999.00,https://www.amazon.in/Boenjoy-Gifts-Exclusive-Collectible-Assembled/dp/B09CLGY4PN/ref=sr_1_106?dchild=1&keywords=Anime&qid=1629699442&sr=8-106#,"Sunday, Aug 29",Only 2 left in stock.,https://www.amazon.in/Boenjoy-Gifts-Exclusive-Collectible-Assembled/dp/B09CLGY4PN/ref=sr_1_106?dchild=1&keywords=Anime&qid=1629699442&sr=8-106#,The One Piece themed Collectible Action Figure - Unbelievable likeness - Big Size
-,Color Empire Printed Notebook Diary n Keychain Combo | Anime Newspaper Art | Unrulled Diary | A5 Notepad | Writing Journal | Personal Diary | Daily Notebook,No Rating,-,-,https://www.amazon.in/Notebook-Keychain-Newspaper-Unrulled-Personal/dp/B09D3XQC9S/ref=sr_1_97?dchild=1&keywords=Anime&qid=1629699442&sr=8-97#,"Monday, Aug 30",In stock.,https://www.amazon.in/Notebook-Keychain-Newspaper-Unrulled-Personal/dp/B09D3XQC9S/ref=sr_1_97?dchild=1&keywords=Anime&qid=1629699442&sr=8-97#,-
14 x 14,Crazy Corner Rinnegan Anime Printed Generic Round Cushion Velvet Fabric 14x14 inches Round Cushion Pillows/Plush Round Pillow Gift for Birthday/Girlfriend/Boyfriend/Girls/Boys/Kids,5 out of 5,1 rating,‚Çπ499.00,https://www.amazon.in/Crazy-Corner-Rinnegan-Girlfriend-Boyfriend/dp/B08RHNBZS1/ref=sr_1_98?dchild=1&keywords=Anime&qid=1629699442&sr=8-98#,Aug 30 - 31,Usually dispatched in 2 to 3 days.,https://www.amazon.in/Crazy-Corner-Rinnegan-Girlfriend-Boyfriend/dp/B08RHNBZS1/ref=sr_1_98?dchild=1&keywords=Anime&qid=1629699442&sr=8-98#,SOFT PLUSH QUALITY: Your kids and friends you gift this plush would love to snuggle up with their favorite character by their side. Made of super soft plush material for a comfortable feel perfect to snuggle in your sleep or a great play time accessory.
-,Color Empire Printed Notebook Diary | A5 in Size | Anime Back | Unrulled Diary | A5 Notepad | Writing Journal | Personal Diary,No Rating,-,-,https://www.amazon.in/Printed-Notebook-Unrulled-Notepad-Personal/dp/B099S6ZDJX/ref=sr_1_99?dchild=1&keywords=Anime&qid=1629699442&sr=8-99#,"Monday, Aug 30",In stock.,https://www.amazon.in/Printed-Notebook-Unrulled-Notepad-Personal/dp/B099S6ZDJX/ref=sr_1_99?dchild=1&keywords=Anime&qid=1629699442&sr=8-99#,-
-,Access-o-risingg PD269 Silver Alloy Japanese Anime-Inspired Sailor Moon Pendant with Chain for Women,4 out of 5,1 rating,‚Çπ399.00,https://www.amazon.in/Accessorisingg-Japanese-Inspired-Sailor-Pendant/dp/B07HX3PVQL/ref=sr_1_100?dchild=1&keywords=Anime&qid=1629699442&sr=8-100#,"Wednesday, Aug 25",In stock.,https://www.amazon.in/Accessorisingg-Japanese-Inspired-Sailor-Pendant/dp/B07HX3PVQL/ref=sr_1_100?dchild=1&keywords=Anime&qid=1629699442&sr=8-100#,Material: Alloy
Other,"MC SID RAZZ Hentai with Senpai - Ceramic Coffee Mug, Multicolor 350 ML",4.8 out of 5,13 ratings,‚Çπ399.00,https://www.amazon.in/Razz-Anime-Hentai-Senpai-Designed-Coffee-Birthday/dp/B081V98HC6/ref=sr_1_101?dchild=1&keywords=Anime&qid=1629699442&sr=8-101#,"Monday, Aug 30",In stock.,https://www.amazon.in/Razz-Anime-Hentai-Senpai-Designed-Coffee-Birthday/dp/B081V98HC6/ref=sr_1_101?dchild=1&keywords=Anime&qid=1629699442&sr=8-101#,Anime Series Designed - Multicolor Coffee Mug for coffee lover
-,Kawaii Kart‚Ñ¢ | Demon Slayer Action Figure with Keyring | Demon Slayer Merchandise for Anime Lovers (Size - 7 cm) | Inosuke Hashibira (Giyu Tomioka),5 out of 5,1 rating,‚Çπ349.00,https://www.amazon.in/Kawaii-KartTM-Slayer-Keyring-Merchandise/dp/B096VH6515/ref=sr_1_102?dchild=1&keywords=Anime&qid=1629699442&sr=8-102#,"Thursday, Aug 26",Only 2 left in stock.,https://www.amazon.in/Kawaii-KartTM-Slayer-Keyring-Merchandise/dp/B096VH6515/ref=sr_1_102?dchild=1&keywords=Anime&qid=1629699442&sr=8-102#,"The key chains are lightweight, portable and fashionable"
Ceramic,TrendoPrint Naruto Anime Series Itachi Kakashi Sasuke Shikamaru Gaara Hinata Jiraiya Mintao Madara Pain Obito Sakura Rock Lee Tsunade Ideal And Sweet Gift And Return Gift Choice For Boys Girls And Friends And Boyfriend Girlfriend And Kids Son Daughter And Men Women And Anime Lovers Series Lovers Printed White Tea Milk And Coffee Mug And Cup Made Of Ceramic- 11 Oz (350ml),4.3 out of 5,3 ratings,‚Çπ199.00,https://www.amazon.in/TrendoPrint-Itachi-Kakashi-Shikamaru-Boyfriend-Girlfriend/dp/B08ZH2QXKS/ref=sr_1_103?dchild=1&keywords=Anime&qid=1629699442&sr=8-103#,"Monday, Aug 30",In stock.,https://www.amazon.in/TrendoPrint-Itachi-Kakashi-Shikamaru-Boyfriend-Girlfriend/dp/B08ZH2QXKS/ref=sr_1_103?dchild=1&keywords=Anime&qid=1629699442&sr=8-103#,Large Capacity Meets Your Mind- Perfect generous size for your morning coffee! Bigger than other coffee mugs. This coffee mug must be a functional partner for your new day!
Ceramic,Visibee Anime Series FPM002 Printed on Ceramic White Coffee Mug,4.6 out of 5,40 ratings,‚Çπ299.00,https://www.amazon.in/Flair-Print-FPM002-Printed-Ceramic/dp/B07R4FM7QM/ref=sr_1_104?dchild=1&keywords=Anime&qid=1629699442&sr=8-104#,"Monday, Aug 30",In stock.,https://www.amazon.in/Flair-Print-FPM002-Printed-Ceramic/dp/B07R4FM7QM/ref=sr_1_104?dchild=1&keywords=Anime&qid=1629699442&sr=8-104#,Anime Series Designed - Multicolor Coffee Mug for coffee lover. Fans can show their love for the world of Anime Series with this Designed Multicolor mug.
-,Color Empire Printed Notebook Diary | A5 in Size | Small Anime Art | Unrulled Diary | Office Stationary Notebook | Writing Journal | Personal Diary | Wiro Notebook,No Rating,-,-,https://www.amazon.in/Printed-Notebook-Unrulled-Stationary-Personal/dp/B099S9WDLQ/ref=sr_1_105?dchild=1&keywords=Anime&qid=1629699442&sr=8-105#,"Monday, Aug 30",In stock.,https://www.amazon.in/Printed-Notebook-Unrulled-Stationary-Personal/dp/B099S9WDLQ/ref=sr_1_105?dchild=1&keywords=Anime&qid=1629699442&sr=8-105#,-
Multicolour,MCSID RAZZ - Anime Naruto Plastic Materialistic Clock (Multicolour),No Rating,-,‚Çπ399.00,https://www.amazon.in/Razz-Anime-Akatsuki-Narute-Design-Birthday/dp/B08152RKVS/ref=sr_1_106?dchild=1&keywords=Anime&qid=1629699442&sr=8-106#,"Monday, Aug 30",In stock.,https://www.amazon.in/Razz-Anime-Akatsuki-Narute-Design-Birthday/dp/B08152RKVS/ref=sr_1_106?dchild=1&keywords=Anime&qid=1629699442&sr=8-106#,"Our contemporary Table clocks measure approximately 6 cm in diameter , features a durable black plastic case & clear lens with a modern quartz movement to keep you on time."
Brown,Pranjals House Leather Journal Diary with Engraved Journey Brown 7 x 5 Inch,4.4 out of 5,337 ratings,‚Çπ399.00,https://www.amazon.in/Pranjals-Leather-Journal-Engraved-Journey/dp/B078TJ12G3/ref=sr_1_107_sspa?dchild=1&keywords=Anime&qid=1629699442&sr=8-107-spons&psc=1&spLa=ZW5jcnlwdGVkUXVhbGlmaWVyPUExOFhBQ09OVUNVWUlIJmVuY3J5cHRlZElkPUEwMDU5MTc0VldMUEZZSjJNTTlOJmVuY3J5cHRlZEFkSWQ9QTA2MzE1NzAxV1FQUEtDMkNPMzZOJndpZGdldE5hbWU9c3BfbXRmJmFjdGlvbj1jbGlja1JlZGlyZWN0JmRvTm90TG9nQ2xpY2s9dHJ1ZQ==#,"Friday, Aug 27",In stock.,https://www.amazon.in/Pranjals-Leather-Journal-Engraved-Journey/dp/B078TJ12G3/ref=sr_1_107_sspa?dchild=1&keywords=Anime&qid=1629699442&sr=8-107-spons&psc=1&spLa=ZW5jcnlwdGVkUXVhbGlmaWVyPUExOFhBQ09OVUNVWUlIJmVuY3J5cHRlZElkPUEwMDU5MTc0VldMUEZZSjJNTTlOJmVuY3J5cHRlZEFkSWQ9QTA2MzE1NzAxV1FQUEtDMkNPMzZOJndpZGdldE5hbWU9c3BfbXRmJmFjdGlvbj1jbGlja1JlZGlyZWN0JmRvTm90TG9nQ2xpY2s9dHJ1ZQ==#,Material : Leather Diaries by Pranjals House are made from Special Quality of Original Leather. Giving these diaries vintage and rich look.
Haksons,"Haksons Pearl Pigments Pack of 3 - Pearl Gold, Fire Red, Rich Gold (20 GMS)",3.9 out of 5,49 ratings,‚Çπ399.00,https://www.amazon.in/Haksons-Pearl-Pigments-Pack-Gold/dp/B079GRKQPN/ref=sr_1_108_sspa?dchild=1&keywords=Anime&qid=1629699442&sr=8-108-spons&psc=1&spLa=ZW5jcnlwdGVkUXVhbGlmaWVyPUExOFhBQ09OVUNVWUlIJmVuY3J5cHRlZElkPUEwMDU5MTc0VldMUEZZSjJNTTlOJmVuY3J5cHRlZEFkSWQ9QTA3MTcxNDZCSjZQVTFMN0pQMlQmd2lkZ2V0TmFtZT1zcF9tdGYmYWN0aW9uPWNsaWNrUmVkaXJlY3QmZG9Ob3RMb2dDbGljaz10cnVl#,"Thursday, Aug 26",In stock.,https://www.amazon.in/Haksons-Pearl-Pigments-Pack-Gold/dp/B079GRKQPN/ref=sr_1_108_sspa?dchild=1&keywords=Anime&qid=1629699442&sr=8-108-spons&psc=1&spLa=ZW5jcnlwdGVkUXVhbGlmaWVyPUExOFhBQ09OVUNVWUlIJmVuY3J5cHRlZElkPUEwMDU5MTc0VldMUEZZSjJNTTlOJmVuY3J5cHRlZEFkSWQ9QTA3MTcxNDZCSjZQVTFMN0pQMlQmd2lkZ2V0TmFtZT1zcF9tdGYmYWN0aW9uPWNsaWNrUmVkaXJlY3QmZG9Ob3RMb2dDbGljaz10cnVl#,"Package Content: Pearl Gold, Fire Red and Rich Gold Powder (20 gms each)"
-,Green Apple India Resin Laminated with Black Metal Finish Arch and Wooden Base Rotating World Globe Home Decor Office Decor Gift Item (8 inches),5 out of 5,1 rating,‚Çπ699.00,https://www.amazon.in/Laminated-Finish-Wooden-Rotating-Globe/dp/B08YQN97QB/ref=sr_1_109_sspa?dchild=1&keywords=Anime&qid=1629699442&sr=8-109-spons&psc=1&spLa=ZW5jcnlwdGVkUXVhbGlmaWVyPUExOFhBQ09OVUNVWUlIJmVuY3J5cHRlZElkPUEwMDU5MTc0VldMUEZZSjJNTTlOJmVuY3J5cHRlZEFkSWQ9QTA1NDI1NTMyNTVNMVFEWkkwVTBKJndpZGdldE5hbWU9c3BfbXRmJmFjdGlvbj1jbGlja1JlZGlyZWN0JmRvTm90TG9nQ2xpY2s9dHJ1ZQ==#,Aug 30 - 31,In stock.,https://www.amazon.in/Laminated-Finish-Wooden-Rotating-Globe/dp/B08YQN97QB/ref=sr_1_109_sspa?dchild=1&keywords=Anime&qid=1629699442&sr=8-109-spons&psc=1&spLa=ZW5jcnlwdGVkUXVhbGlmaWVyPUExOFhBQ09OVUNVWUlIJmVuY3J5cHRlZElkPUEwMDU5MTc0VldMUEZZSjJNTTlOJmVuY3J5cHRlZEFkSWQ9QTA1NDI1NTMyNTVNMVFEWkkwVTBKJndpZGdldE5hbWU9c3BfbXRmJmFjdGlvbj1jbGlja1JlZGlyZWN0JmRvTm90TG9nQ2xpY2s9dHJ1ZQ==#,"It will enhance the grace of your home,office,etc. Keep it on a flat surface like office desk or study table and start the new experience alongwith fun and learning. This globe is sturdy, durable,lightweight,compact and rotating."
Zest 4 Toyz,"Zest 4 Toyz Magnifying Glass for Reading/Map, Double Glass 75MM High Power Antique Handheld Magnifier Glass by Zest 4 Toyz",4.2 out of 5,672 ratings,‚Çπ199.00,https://www.amazon.in/Zest-Toyz-Magnifying-Handheld-Magnifier/dp/B08MKXH76F/ref=sr_1_110_sspa?dchild=1&keywords=Anime&qid=1629699442&sr=8-110-spons&psc=1&spLa=ZW5jcnlwdGVkUXVhbGlmaWVyPUExOFhBQ09OVUNVWUlIJmVuY3J5cHRlZElkPUEwMDU5MTc0VldMUEZZSjJNTTlOJmVuY3J5cHRlZEFkSWQ9QTAwNzM2NTcxQzY0TjJVV0RNU1NBJndpZGdldE5hbWU9c3BfbXRmJmFjdGlvbj1jbGlja1JlZGlyZWN0JmRvTm90TG9nQ2xpY2s9dHJ1ZQ==#,"Wednesday, Aug 25",In stock.,https://www.amazon.in/Zest-Toyz-Magnifying-Handheld-Magnifier/dp/B08MKXH76F/ref=sr_1_110_sspa?dchild=1&keywords=Anime&qid=1629699442&sr=8-110-spons&psc=1&spLa=ZW5jcnlwdGVkUXVhbGlmaWVyPUExOFhBQ09OVUNVWUlIJmVuY3J5cHRlZElkPUEwMDU5MTc0VldMUEZZSjJNTTlOJmVuY3J5cHRlZEFkSWQ9QTAwNzM2NTcxQzY0TjJVV0RNU1NBJndpZGdldE5hbWU9c3BfbXRmJmFjdGlvbj1jbGlja1JlZGlyZWN0JmRvTm90TG9nQ2xpY2s9dHJ1ZQ==#,Premium Design: This magnifying lens comes with a wood handle and plastic frame. The antique design sending out slight retro taste always make you be pleasure with it.
-,PRINTOCTOPUS Regular Fit T-Shirt for Men & Women,4.2 out of 5,131 ratings,‚Çπ490.80 - ‚Çπ598.00,-,-,-,-,Care Instructions: Machine Wash
-,Color Empire Printed Notebook Diary | A5 in Size | Anime Multi | Unrulled Diary | A5 Notepad | Writing Journal | Personal Diary,No Rating,-,-,https://www.amazon.in/Printed-Notebook-Unrulled-Notepad-Personal/dp/B099S5LWTC/ref=sr_1_112?dchild=1&keywords=Anime&qid=1629699442&sr=8-112#,"Monday, Aug 30",In stock.,https://www.amazon.in/Printed-Notebook-Unrulled-Notepad-Personal/dp/B099S5LWTC/ref=sr_1_112?dchild=1&keywords=Anime&qid=1629699442&sr=8-112#,-
Ceramic,"Tee Mafia Naruto Anime Gift Combo of Mug and Pillow | Emoji 12"" X 12"" Cushion Cover with Filler ,Printed Coffee Mug (Pack of 2)--",No Rating,-,‚Çπ549.00,https://www.amazon.in/Tee-Mafia-Naruto-Cushion-Printed/dp/B098R3WLYP/ref=sr_1_113?dchild=1&keywords=Anime&qid=1629699442&sr=8-113#,"Thursday, Aug 26",In stock.,https://www.amazon.in/Tee-Mafia-Naruto-Cushion-Printed/dp/B098R3WLYP/ref=sr_1_113?dchild=1&keywords=Anime&qid=1629699442&sr=8-113#,"Package Content: 1 Printed Ceramic Coffee Mug (350 Ml Capacity) 3 Layer Thermocol Safe Packaging ,Dimension: Outer Diameter: 7.5 cm, Height: 7.5 cm | Wash Care - Do Not Scrub From Outside,"
Approach home decor,Virtual Popstar Anime Girl 3D Wall Sticker Size-54x32 cm200,No Rating,-,‚Çπ349.00,https://www.amazon.in/Virtual-Popstar-Anime-Sticker-Size-54x32/dp/B096QLQ32D/ref=sr_1_114?dchild=1&keywords=Anime&qid=1629699442&sr=8-114#,"Sunday, Aug 29",In stock.,https://www.amazon.in/Virtual-Popstar-Anime-Sticker-Size-54x32/dp/B096QLQ32D/ref=sr_1_114?dchild=1&keywords=Anime&qid=1629699442&sr=8-114#,Material: Vinyl. Color & Size : which is shown in the picture.
Graphic,ISEE 360¬Æ Laptop Skin Gamer Cute Anime Girl 15.6 Inches Vinyl Stickers Waterproof Cover with Lamination HD Quality,No Rating,-,‚Çπ199.00,https://www.amazon.in/ISEE-Stickers-Waterproof-Lamination-Quality/dp/B08P542GBR/ref=sr_1_115?dchild=1&keywords=Anime&qid=1629699442&sr=8-115#,Aug 31 - Sep 2,In stock.,https://www.amazon.in/ISEE-Stickers-Waterproof-Lamination-Quality/dp/B08P542GBR/ref=sr_1_115?dchild=1&keywords=Anime&qid=1629699442&sr=8-115#,"ISEE 360 Laptop Skin Sticker Decal Free Sponge & Squeezer : 100% brand New, Fits up to 15.6 Inches Laptops;Please Make Sure You Should Shape The Skin Corner Before Use: Material: PVC_ Vinyl Removable Layer & Paper layer"
MCSID RAZZ,"MCSID RAZZ Anime Merch India Kyojuro Rengoku - Demon Slayer Flame Hashira Design Wall Decor Poster for Home and Office, Frame Not Included (Multi Color, 12 x 18 Inch)",5 out of 5,2 ratings,‚Çπ199.00,https://www.amazon.in/MCSID-RAZZ-Kyojuro-Rengoku-Included/dp/B08L6M5SDB/ref=sr_1_116?dchild=1&keywords=Anime&qid=1629699442&sr=8-116#,"Monday, Aug 30",In stock.,https://www.amazon.in/MCSID-RAZZ-Kyojuro-Rengoku-Included/dp/B08L6M5SDB/ref=sr_1_116?dchild=1&keywords=Anime&qid=1629699442&sr=8-116#,We're excited to offer high quality prints using non-toxic acrylic ink on top thick high quality 200gsm paper.
